fips_code,agr
0,-0.68137
1001,-0.72685
1003,0.18771
1005,-0.24126
1009,-0.02345
1013,-0.5105
1015,-0.46236
1017,-0.31556
1019,0.28718
1021,0.04762
1025,-0.14918
1027,-0.16165
1031,-0.22961
1033,-0.12151
1039,-0.66808
1043,0.91393
1045,-0.50265
1047,-0.60011
1049,0.33422
1051,-0.37889
1053,-0.76198
1055,-0.98271
1059,-0.12928
1065,0.05509
1067,-0.48262
1069,-0.08132
1071,0.03409
1073,0.08589
1075,0.06959
1077,0.50381
1079,-0.13976
1081,0.16877
1083,0.1983
1087,-0.22704
1089,-0.06935
1091,-0.41302
1093,0.70345
1095,-0.30458
1097,-0.4606
1099,-0.11885
1101,-0.59083
1103,0.20353
1107,-0.64173
1109,0.01105
1111,-0.25299
1113,-0.56702
1115,-0.07925
1117,0.31416
1119,-0.07247
1121,-0.37595
1123,-0.07882
1125,-0.08125
1127,-0.12206
1129,-0.20686
1133,0.45217
2020,-0.07187
2090,-0.28287
2110,0.12631
2122,0.69218
2150,-0.11822
2170,-0.10116
4001,0.35092
4003,0.01974
4005,0.74433
4007,-0.13541
4009,0.14672
4012,0.14107
4013,0.05287
4015,0.03812
4017,0.4019
4019,-0.30644
4021,-0.23777
4023,0.41851
4025,0.26889
4027,-0.36448
5001,0.31117
5003,-0.24306
5005,0.93093
5007,0.89073
5009,1.06919
5015,0.66997
5019,0.54398
5023,0.49872
5027,-0.26503
5029,0.29074
5031,0.4806
5033,0.67884
5035,-0.34212
5037,0.12087
5041,-0.31831
5043,-0.00007
5045,0.39493
5051,0.53761
5053,0.16614
5055,0.43886
5057,-0.23855
5059,-0.0311
5061,0.34018
5063,0.40222
5069,-0.56179
5071,0.50526
5085,0.42402
5091,-0.32649
5093,-0.55247
5103,-0.05546
5107,-0.57061
5111,0.0355
5113,0.156
5115,0.52599
5119,-0.34214
5123,-0.24198
5125,-0.08322
5131,0.43618
5133,0.47917
5139,-0.29057
5143,0.84295
5145,0.7893
6001,-0.53121
6005,0.20154
6007,0.05668
6009,0.63823
6011,0.1899
6013,-0.23598
6015,-0.03065
6017,0.43817
6019,-0.33484
6021,-0.23435
6023,-0.06892
6025,-0.13025
6029,-0.52767
6031,-0.14262
6033,-0.00842
6035,0.30061
6037,-0.15711
6039,-0.53558
6041,0.57
6045,0.22271
6047,-0.37819
6051,0.64914
6053,-0.26727
6055,0.4398
6057,0.48505
6059,0.46601
6061,0.38327
6065,-0.30174
6067,-0.01893
6069,-0.61491
6071,-0.43833
6073,0.10831
6075,0.24457
6077,-0.37373
6079,0.89206
6081,0.40582
6083,0.37951
6085,0.25566
6087,0.20677
6089,0.52359
6093,0.3007
6095,-0.49842
6097,0.56307
6099,-0.25568
6101,-0.34501
6103,0.35092
6107,-0.25907
6109,0.62281
6111,0.09531
6113,-0.14866
6115,-0.23602
8001,-0.39971
8005,0.37514
8013,0.63863
8014,0.67272
8031,0.07957
8035,0.63096
8037,0.8979
8041,0.37546
8045,0.68782
8051,0.746
8059,-0.20426
8067,0.27057
8069,0.83706
8075,-0.04821
8077,0.25926
8087,0.13088
8097,0.31326
8101,-0.08691
8107,-0.74029
8117,0.78232
8123,0.37299
9001,-0.44424
9003,-0.81878
9005,-0.20299
9007,-0.29208
9009,-0.82431
9011,-0.4443
9013,0.1131
9015,-0.22394
10001,-0.66207
10003,-0.57464
10005,-0.07849
11001,-0.27509
12001,0.0534
12005,0.53793
12007,0.24267
12009,-0.12042
12011,-0.67877
12015,-0.20773
12017,-0.06424
12019,0.05266
12021,-0.25725
12023,-0.11889
12031,-0.26112
12033,-0.41805
12035,-0.30495
12039,-0.33479
12051,-0.2626
12053,0.12695
12055,-0.08025
12057,-0.32673
12061,-0.13769
12063,0.25025
12069,0.02863
12071,-0.02734
12073,-0.32599
12075,-0.30955
12081,-0.02448
12083,-0.52472
12085,-0.16819
12086,-0.72311
12087,-0.1312
12089,-0.1867
12091,0.06511
12093,0.32981
12095,-0.19234
12097,-0.40861
12099,-0.11778
12101,0.2105
12103,-0.02324
12105,0.03165
12107,-0.18003
12109,0.36346
12111,-0.68508
12113,-0.14325
12115,-0.68002
12117,-0.07016
12119,0.46633
12127,-0.23481
12131,0.61894
13009,0.25357
13013,0.01486
13015,0.01158
13017,-0.40538
13021,-0.77986
13023,-0.04102
13029,-0.27868
13031,-0.47884
13033,-0.55122
13035,-0.2635
13039,0.045
13045,-0.1032
13047,0.48817
13051,-0.55682
13055,0.02053
13057,0.41335
13059,0.23159
13063,-0.71387
13067,-0.1534
13069,-0.02305
13071,0.03136
13073,-0.08856
13077,-0.26272
13081,-0.29732
13087,-0.22562
13089,-0.63136
13095,-0.32479
13097,-0.16964
13099,-0.54284
13103,0.21341
13105,-0.03219
13107,-0.45595
13113,0.27033
13115,-0.12706
13117,0.45549
13121,-0.50068
13123,0.23651
13127,-0.40489
13129,0.09257
13131,0.16722
13135,-0.14296
13137,0.46874
13139,0.64552
13143,0.25395
13147,-0.02576
13151,-0.08814
13153,-0.79449
13157,-0.20888
13163,-0.04026
13171,-0.11994
13175,-0.3237
13177,0.0671
13179,-0.78348
13185,-0.46151
13187,0.76032
13189,-0.36679
13199,-0.27982
13205,-0.48995
13207,-0.24814
13211,-0.1866
13213,0.57264
13215,-0.62457
13217,-0.35111
13219,0.52524
13223,0.04088
13225,-0.45759
13231,0.1222
13233,-0.13494
13245,-0.47528
13247,-0.58627
13255,-0.37455
13257,0.40388
13261,-0.44179
13267,-0.32167
13275,-0.27314
13277,-0.47489
13279,-0.30201
13285,0.07
13293,-0.41835
13295,0.32379
13297,-0.38843
13299,-0.22355
13303,-0.48254
13305,0.49906
13311,0.59664
13313,0.4116
13319,-0.0738
13321,-0.30731
15001,0.76892
15003,0.33029
15007,0.29664
15009,0.94333
16001,0.46424
16005,0.46519
16011,0.1046
16013,0.33664
16017,0.55003
16019,0.28354
16027,0.44093
16055,0.28244
16057,0.16045
16065,0.99432
16069,0.6948
16083,0.55236
17001,0.30372
17005,0.87704
17007,-0.20665
17011,0.23015
17015,-0.30083
17019,-0.1779
17021,-0.35558
17027,0.2537
17029,-0.04721
17031,-0.62135
17033,0.20907
17037,-0.24062
17041,0.36795
17043,0.20723
17049,-0.02665
17055,0.24773
17063,-0.34689
17073,0.11702
17075,-0.07898
17077,-0.18154
17081,0.17375
17085,0.56516
17089,0.02937
17091,-0.30355
17093,-0.10146
17095,-0.23356
17097,-0.42702
17099,0.10505
17103,0.18621
17105,0.39199
17107,-0.01856
17109,-0.32548
17111,0.31251
17113,0.16133
17115,-0.49539
17117,-0.00583
17119,-0.2636
17121,0.27664
17127,-0.61166
17133,0.45785
17135,0.53605
17137,0.18834
17141,0.02929
17143,-0.1571
17145,0.08397
17147,0.04322
17161,-0.15869
17163,-0.84999
17165,0.47008
17167,-0.25377
17173,0.01546
17177,-0.20974
17179,0.08574
17183,-0.67586
17187,-0.06395
17195,-0.08438
17197,-0.75859
17199,0.05967
17201,-0.09585
17203,0.61614
18001,-0.07503
18003,-0.01042
18005,0.06809
18011,0.44354
18013,0.3364
18015,0.40179
18017,0.01251
18019,-0.38283
18023,0.28418
18027,0.06392
18029,-0.40473
18031,0.55506
18033,0.32575
18035,0.09056
18037,0.51505
18039,0.18867
18041,0.39192
18043,-0.04088
18045,-0.09504
18049,-0.40615
18051,0.12648
18053,0.17853
18055,-0.35513
18057,0.32743
18059,0.3356
18061,0.15362
18063,0.30978
18065,0.10179
18067,-0.2172
18069,0.63262
18071,0.48632
18073,0.00886
18075,-0.05453
18077,0.52763
18079,0.32915
18081,0.27237
18083,-0.17289
18085,0.76846
18087,0.21056
18089,-0.92319
18091,-0.5358
18093,0.05923
18095,0.39549
18097,-0.25065
18099,0.46869
18103,-0.30152
18105,0.14058
18107,0.24302
18109,-0.54744
18113,-0.14923
18117,0.04476
18127,0.0952
18133,0.39322
18135,0.20258
18137,-0.43078
18139,-0.46724
18141,-0.02034
18143,0.47103
18145,-0.05789
18153,-0.10254
18157,0.3172
18163,0.00346
18167,0.12229
18169,-0.12086
18173,0.14075
18175,0.12891
18177,-0.35893
18179,0.52784
18181,0.03601
18183,0.65311
19011,0.23126
19013,0.24845
19015,-0.00618
19017,0.78484
19019,0.27452
19021,0.72617
19027,0.68425
19031,0.00806
19033,0.83412
19041,-0.00233
19045,-0.19547
19049,0.3157
19057,-0.20335
19059,1.05855
19061,0.06572
19065,0.35501
19067,0.27638
19079,0.44236
19083,0.52579
19095,0.4313
19097,0.25281
19099,0.58605
19101,0.36135
19103,0.09616
19105,0.28293
19111,-0.21509
19113,0.15776
19121,0.3028
19123,-0.12365
19125,0.51765
19127,-0.24647
19139,0.01078
19149,0.29096
19153,0.30973
19155,0.00814
19157,0.17462
19163,0.05404
19165,0.70684
19167,1.13407
19169,0.47157
19171,0.23275
19175,0.38394
19179,0.33126
19181,0.33656
19187,-0.06771
19189,0.56426
19191,0.57506
19193,-0.00363
20001,-0.09094
20005,-0.01512
20009,0.10131
20011,0.27066
20015,0.20219
20021,0.14064
20035,0.42233
20037,0.10581
20041,0.18059
20043,0.574
20045,0.29705
20051,0.16506
20055,0.0835
20057,-0.47246
20059,0.40796
20061,-0.20815
20079,0.68376
20091,0.23925
20099,-0.234
20103,-0.30038
20111,0.37326
20113,0.57247
20121,0.34694
20125,-0.52186
20133,0.00437
20149,0.29342
20151,-0.2861
20155,0.52285
20161,0.32434
20169,0.00441
20173,-0.10916
20175,-0.56588
20177,0.1946
20191,0.09185
20209,-0.43618
21001,0.71075
21005,0.80446
21009,0.06605
21013,-0.16988
21015,0.29401
21017,0.07116
21019,-0.10671
21021,0.31055
21029,-0.10747
21035,0.76758
21037,0.20394
21043,0.65929
21047,-0.41343
21049,-0.17632
21059,0.29797
21067,0.32137
21071,-0.29977
21073,-0.24713
21083,0.15803
21089,0.18833
21093,-0.58173
21095,-0.23812
21097,0.0848
21101,0.29969
21107,0.40675
21111,-0.43431
21113,0.79455
21115,0.00732
21117,0.00416
21121,0.18546
21125,0.37362
21141,0.62602
21145,0.01151
21151,0.32645
21157,0.38089
21161,-0.1459
21167,0.07772
21177,0.3232
21179,-0.37518
21183,0.078
21185,0.33725
21193,-0.16919
21195,0.08451
21199,0.77369
21209,0.10761
21211,0.20748
21213,-0.01448
21217,0.48562
21227,0.48307
21235,0.21127
21239,0.26196
22001,-0.51412
22003,-0.1569
22005,-0.37459
22009,-0.62386
22011,-0.04439
22015,-0.35718
22017,-0.69273
22019,-0.31901
22029,-0.62456
22031,-0.27638
22033,-0.73285
22039,-0.51953
22045,-0.71177
22047,-0.62578
22049,-0.36329
22051,-0.78364
22053,-0.3724
22055,-0.53614
22057,-0.66938
22061,-0.34135
22063,0.07174
22065,-0.28506
22067,-0.57825
22069,-0.38858
22071,-0.76532
22073,-0.66468
22075,-0.62432
22079,-0.79701
22083,-0.74677
22085,-0.49556
22087,-0.47347
22089,-0.50589
22093,0.6503
22095,-0.59541
22097,-0.86866
22099,-0.05737
22101,-0.62532
22103,-0.18364
22105,-0.47849
22109,-0.76995
22113,0.00202
22115,-0.4797
22117,-0.49834
22119,-0.69936
22121,-0.56501
22127,-0.34718
23001,-0.14392
23003,0.20412
23005,0.26331
23007,0.02905
23009,0.98064
23011,0.40589
23013,0.34295
23015,0.21314
23017,-0.25704
23019,0.24746
23023,0.47052
23025,0.42074
23027,0.2662
23029,0.12506
23031,0.08256
24001,-0.34474
24003,-0.4885
24005,-0.54292
24009,-0.5867
24011,-0.32987
24013,0.03521
24015,-0.33376
24017,-0.85502
24019,-0.28758
24021,0.12015
24025,-0.65145
24027,-0.095
24029,-0.10179
24031,-0.27889
24033,-0.73988
24035,-0.3023
24037,-0.60298
24039,-0.18361
24041,-0.2021
24043,-0.68437
24045,-0.1275
24047,-0.14506
24510,-0.95194
25001,0.06417
25003,0.27039
25005,-0.58551
25009,-0.63074
25011,0.45921
25013,-0.75286
25015,-0.05856
25017,-0.18735
25019,0.09
25021,-0.44902
25023,-0.54308
25025,-0.39809
25027,-0.57114
26005,0.43869
26007,0.18381
26015,-0.21729
26017,-0.18855
26021,-0.15165
26023,-0.23465
26025,-0.12337
26027,-0.22545
26033,0.02395
26035,0.40463
26037,0.08736
26041,0.20659
26045,0.07398
26047,0.24579
26049,-0.89942
26053,0.25203
26055,0.66237
26057,0.18083
26059,0.08861
26061,0.57325
26065,0.04537
26067,0.08832
26073,0.25087
26075,-0.21561
26077,-0.08146
26081,0.21189
26087,-0.03128
26091,0.08914
26093,0.0007
26099,-0.605
26103,0.51459
26105,0.33702
26107,0.17744
26111,0.63662
26115,-0.15128
26117,0.49442
26121,-0.53989
26123,0.30933
26125,-0.26399
26137,0.5835
26139,0.85097
26145,-0.58214
26147,-0.05323
26149,0.0488
26151,0.30577
26155,-0.02507
26157,-0.15929
26159,0.36689
26161,-0.00222
26163,-0.96756
26165,0.10448
27003,-0.16663
27005,0.88548
27007,0.5425
27009,0.41765
27013,0.27583
27015,0.37842
27017,0.13529
27019,0.34211
27023,0.39454
27025,-0.02299
27027,0.56353
27035,0.33256
27037,0.25955
27041,0.49186
27047,0.17018
27049,0.03924
27053,0.18792
27059,0.53354
27061,0.28324
27067,0.46146
27079,0.52435
27083,0.45626
27085,0.86155
27093,0.71524
27095,0.0995
27099,0.02753
27103,0.75478
27105,0.62235
27109,0.24633
27111,0.50808
27113,-0.03855
27119,0.35177
27123,0.1697
27127,0.73638
27131,0.68664
27135,0.73238
27137,0.50138
27139,0.23185
27141,0.33095
27145,0.28809
27147,0.41588
27149,0.40701
27163,0.31327
27169,0.49748
27171,0.4728
28001,-0.70595
28003,0.50808
28011,-0.46659
28013,-0.35703
28017,-0.35293
28023,-0.32247
28025,-0.52682
28027,-0.50955
28029,-0.32567
28033,-0.36306
28035,-0.31651
28045,-0.56697
28047,-0.70098
28049,-0.55504
28051,-0.42374
28053,-0.58625
28057,0.16995
28059,-0.53321
28065,-0.27314
28067,-0.32509
28071,0.0122
28073,-0.00897
28075,-0.42784
28081,-0.00188
28083,-0.52064
28085,-0.2677
28087,-0.13658
28089,-0.05232
28091,-0.07943
28095,-0.22894
28097,0.09247
28099,0.03857
28101,-0.40422
28103,0.08176
28105,0.24951
28107,-0.43381
28109,-0.37625
28113,-0.59257
28115,0.16174
28117,0.63233
28121,0.01601
28123,-0.12888
28127,-0.31821
28133,-0.63091
28137,-0.00554
28139,0.27538
28141,0.62789
28145,0.18092
28149,-0.56037
28151,-0.65807
28153,-0.09514
28159,-0.15744
28161,-0.12153
28163,-0.08256
29001,0.31235
29009,0.27762
29019,0.09853
29021,0.18211
29023,0.19238
29027,0.29241
29029,0.71102
29031,0.31579
29037,0.02772
29043,0.92546
29047,0.32177
29051,0.26454
29069,-0.15423
29071,0.53709
29077,0.63162
29083,-0.02402
29089,0.1929
29091,0.68829
29095,-0.16528
29097,0.34057
29099,0.17756
29101,-0.50746
29107,0.23852
29109,0.63941
29113,-0.05507
29121,-0.00629
29127,0.29993
29143,-0.10157
29145,0.17536
29147,0.51868
29155,-0.57829
29159,-0.28352
29161,0.52294
29165,0.40826
29167,0.96123
29169,-0.24696
29175,-0.03677
29177,0.42097
29183,0.30986
29187,-0.1545
29189,-0.45992
29195,-0.24533
29201,-0.55465
29207,0.10425
29213,0.9752
29215,-0.07392
29221,0.25278
29225,0.58962
29510,-0.42086
30013,-0.10942
30029,1.13328
30031,0.75616
30041,0.0802
30049,0.30673
30063,-0.15342
30093,-0.42026
30111,0.61496
31001,0.82074
31019,0.62253
31043,0.00006
31045,0.49891
31047,0.12791
31053,0.58332
31055,-0.04791
31067,0.04933
31079,0.20751
31109,0.41718
31111,0.45448
31119,-0.12869
31131,0.2865
31141,0.67875
31151,0.53656
31153,0.1449
31155,0.34607
31157,0.3107
31173,-0.30328
31177,0.15988
31179,0.71003
32001,0.20678
32003,-0.48678
32005,0.43491
32007,-0.35859
32019,-0.02599
32023,-0.07243
32031,-0.13482
32510,0.32836
33001,0.33797
33003,0.45547
33005,0.128
33007,0.43225
33009,0.20012
33011,-0.06538
33013,-0.13261
33015,0.16784
33017,0.36359
33019,0.58672
34001,-0.81013
34003,-0.58556
34005,-0.57082
34007,-0.92849
34009,0.05563
34011,-0.74237
34013,-1.02142
34015,-0.52847
34017,-0.73068
34019,0.22245
34021,-0.4173
34023,-0.6394
34025,-0.37199
34027,-0.28116
34029,-0.33445
34031,-0.94443
34033,-0.58101
34035,-0.19611
34037,-0.25644
34039,-0.73288
34041,0.12689
35001,0.16225
35005,-0.04009
35007,-0.13396
35009,0.24408
35013,-0.14706
35015,-0.13233
35025,-0.51816
35028,0.63463
35029,-0.5066
35031,0.19921
35035,0.21845
35043,0.1128
35045,0.4887
35049,0.38911
35055,0.49836
35061,-0.23334
36001,-0.41517
36003,-0.08722
36005,-1.02659
36007,-0.27999
36009,-0.17178
36011,-0.21427
36013,0.01538
36015,-0.58174
36017,0.27009
36019,0.03541
36021,-0.18989
36023,-0.01922
36025,0.22718
36027,-0.46801
36029,-0.75881
36031,0.68513
36033,0.24139
36035,-0.50095
36037,-0.12525
36039,0.11139
36043,-0.51093
36045,-0.04724
36047,-0.96184
36051,0.17135
36053,0.21179
36055,-0.28928
36057,-0.11899
36059,-0.75404
36061,-0.87763
36063,-0.62635
36065,-0.46486
36067,-0.12862
36069,-0.23841
36071,-0.63906
36075,-0.21439
36077,-0.07573
36079,-0.13822
36081,-1.05323
36083,-0.34372
36085,-0.87658
36087,-0.35119
36089,-0.24544
36091,0.17929
36093,-0.26733
36099,-0.10018
36101,-0.24863
36103,-0.85423
36105,-0.11812
36107,-0.02381
36109,0.23378
36111,-0.13711
36113,0.07046
36115,-0.44139
36117,-0.33438
36119,-0.71591
36121,0.0257
36123,0.01846
37001,0.26239
37003,0.33361
37007,-0.29854
37013,-0.26955
37017,-0.01241
37019,0.11364
37021,0.42991
37023,0.11288
37025,0.27824
37027,0.07373
37031,0.17699
37035,0.20829
37037,0.25127
37041,0.08008
37045,0.12702
37047,-0.30959
37049,-0.58681
37051,-0.72957
37055,0.30188
37057,0.13573
37059,0.21251
37061,-0.218
37063,-0.2164
37065,-0.38808
37067,0.02388
37069,-0.30732
37071,-0.02506
37077,-0.62093
37081,-0.34127
37083,-0.5708
37085,-0.19681
37087,0.90045
37089,0.77953
37091,-0.2621
37093,-0.3265
37097,0.63929
37099,0.73008
37101,0.16245
37105,-0.08117
37107,-0.66206
37109,-0.19201
37111,0.0398
37119,-0.086
37125,0.08516
37127,-0.39408
37129,0.35216
37133,-0.68651
37135,0.36501
37139,-0.35485
37141,0.06146
37145,-0.49295
37147,-0.06194
37151,0.08394
37153,-0.14535
37155,-0.06421
37157,-0.19945
37159,0.17913
37161,0.55585
37163,-0.60816
37165,-0.51832
37167,-0.06789
37169,0.68213
37171,0.79386
37175,0.69798
37179,0.10373
37181,-0.45962
37183,0.06014
37189,0.87217
37191,-0.31256
37193,0.14898
37195,-0.30686
38003,-0.03227
38015,0.44841
38017,0.1658
38035,0.2972
38079,-0.08557
38089,-0.0552
38101,0.20205
38105,0.20184
39001,-0.1398
39003,0.09686
39005,0.23999
39007,-0.5019
39009,0.19527
39011,-0.20175
39013,-0.45921
39015,-0.08093
39017,0.01121
39019,-0.25119
39021,0.34418
39023,-0.24809
39025,0.27142
39027,-0.17541
39029,-0.2761
39031,0.13557
39033,-0.36746
39035,-0.65103
39037,0.44583
39039,0.13324
39041,0.45344
39043,-0.37973
39045,-0.16361
39047,-0.47801
39049,-0.25886
39051,0.21319
39053,0.03689
39055,0.3011
39057,-0.02664
39059,-0.18877
39061,-0.2165
39063,0.32284
39065,0.32921
39069,0.04715
39071,0.05505
39073,0.00088
39077,0.14082
39079,0.00926
39081,-0.3031
39083,0.46495
39085,-0.39324
39087,-0.28438
39089,-0.04175
39091,0.02183
39093,-0.50102
39095,-0.49059
39097,-0.16874
39099,-0.81049
39101,-0.3008
39103,-0.04335
39107,0.03239
39109,-0.10316
39113,-0.28015
39119,-0.12551
39123,0.0563
39125,0.05011
39127,0.01956
39129,0.13624
39131,0.33083
39133,-0.07451
39135,0.07832
39137,0.30082
39139,-0.44001
39141,-0.05965
39143,-0.41258
39145,-0.10115
39147,-0.13844
39149,0.07769
39151,-0.23837
39153,-0.63692
39155,-0.7203
39157,0.10177
39159,0.41636
39161,0.22253
39165,0.19134
39167,-0.13153
39169,0.24981
39171,0.50233
39173,0.19518
39175,0.55469
40009,0.10036
40013,-0.12039
40015,0.23271
40017,0.17163
40019,-0.12915
40021,0.30613
40027,0.30054
40031,-0.39613
40035,0.25175
40037,-0.0256
40039,0.35809
40041,-1.18654
40047,0.44257
40049,0.60337
40051,0.06054
40065,0.08089
40071,0.21343
40073,0.2555
40079,0.14694
40081,0.15548
40083,0.06057
40087,0.16274
40089,-0.26443
40091,0.42583
40097,0.27342
40101,-0.29795
40109,0.52051
40111,0.01639
40113,0.40028
40115,0.2014
40119,0.89556
40121,0.14449
40123,0.66394
40125,0.492
40131,0.31518
40133,-0.25344
40135,0.08982
40137,0.15009
40139,0.2583
40143,0.41126
40145,0.24509
40147,0.80621
40151,0.11822
40153,0.00793
41003,0.65146
41005,0.31768
41007,0.53964
41009,-0.37913
41011,-0.11074
41017,0.82761
41019,0.16027
41027,0.49713
41029,0.55127
41031,-0.24025
41033,0.4165
41035,0.36927
41039,0.36227
41041,0.28669
41043,0.31151
41045,-0.27208
41047,0.13495
41051,0.09066
41053,0.24943
41059,-0.04118
41061,0.72502
41067,0.024
41071,0.49534
42001,0.18946
42003,-0.58706
42005,0.28906
42007,-0.6889
42009,0.10075
42011,-0.20762
42013,-0.14476
42015,-0.26058
42017,-0.28418
42019,0.06534
42021,-0.22991
42025,-0.27975
42027,0.13634
42029,-0.11928
42031,-0.03841
42033,0.16439
42035,-0.18668
42037,-0.25218
42039,-0.03566
42041,0.07017
42043,-0.17467
42045,-0.98833
42049,-0.54497
42051,-0.58073
42055,0.12647
42059,0.02087
42061,0.00229
42063,-0.20051
42065,-0.15321
42069,-0.22442
42071,0.43327
42073,-0.49662
42075,0.37963
42077,-0.28412
42079,-0.46799
42081,-0.33175
42083,0.10335
42085,-0.41134
42087,0.55819
42089,-0.30393
42091,-0.21848
42095,-0.14038
42097,-0.09573
42099,0.11364
42101,-0.90405
42107,-0.18578
42109,0.45509
42111,-0.15117
42117,0.34498
42119,0.62235
42121,0.07878
42123,0.22475
42125,-0.23942
42127,0.37983
42129,-0.29813
42133,-0.08651
44001,-0.3145
44003,-0.76091
44005,-0.17047
44007,-0.78796
44009,-0.13716
45001,0.1474
45003,-0.32466
45007,0.44319
45011,-0.43788
45013,0.03485
45015,-0.40135
45019,0.09204
45021,-0.36831
45023,-0.09343
45025,-0.45575
45027,-0.19241
45029,-0.70345
45031,-0.24188
45033,-0.56475
45035,-0.14426
45041,-0.4894
45043,-0.36627
45045,0.21917
45047,-0.34431
45049,-0.3788
45051,-0.20297
45053,-0.40091
45055,-0.50429
45057,-0.39394
45059,-0.46453
45063,-0.06304
45067,-0.36839
45069,-0.61852
45071,-0.10495
45073,0.19128
45075,-0.31104
45077,0.61404
45079,-0.21633
45083,-0.16472
45085,-0.66667
45087,-0.42324
45089,-0.50298
45091,-0.0228
46011,0.93246
46013,0.55518
46027,0.23059
46029,0.51252
46035,0.81745
46065,-0.02827
46079,1.10769
46081,0.69458
46083,0.74031
46099,0.72471
46103,-0.1117
46113,-0.02109
46127,0.16944
46135,0.01558
47001,-0.06544
47003,-0.29049
47009,0.41972
47011,1.04843
47013,-0.07205
47017,0.23255
47019,0.39985
47021,0.49702
47023,0.60296
47025,0.23013
47029,-0.12619
47031,0.12296
47035,0.93761
47037,0.7484
47043,0.34538
47045,0.29473
47047,0.03036
47051,-0.02804
47053,-0.15004
47055,0.02274
47059,0.12332
47063,0.70828
47065,0.18606
47069,0.19842
47071,0.41102
47073,0.24423
47075,0.21595
47077,-0.39788
47079,0.20105
47085,0.19447
47089,0.40845
47093,0.39049
47097,-0.32208
47099,0.56784
47103,-0.25725
47105,0.34768
47107,0.61159
47109,0.35473
47113,-0.14483
47115,0.08232
47117,-0.06871
47119,0.42001
47123,0.26887
47125,-0.26261
47129,0.12806
47131,0.08398
47141,0.63767
47143,0.55533
47145,0.19112
47147,0.14685
47149,0.26314
47155,0.92296
47157,-0.53856
47163,0.4146
47165,-0.25542
47167,-0.08473
47179,0.44892
47183,0.02593
47187,1.41446
47189,0.12888
48001,-0.43008
48005,-0.60768
48007,-0.10187
48013,-0.27846
48015,-0.09895
48021,-0.09319
48025,-0.09544
48027,-0.61994
48029,-0.21838
48037,-0.40819
48039,-0.51376
48041,0.15178
48043,-0.13709
48049,-0.05468
48051,-0.28435
48053,0.46376
48055,-0.23365
48057,-0.01118
48061,-0.17403
48067,-0.09016
48071,-0.0957
48073,-0.00009
48083,-0.54734
48085,-0.03443
48089,0.43966
48091,0.03263
48097,-0.07211
48099,-0.58129
48113,-0.29854
48117,-0.30037
48121,0.01936
48123,-0.83725
48127,-0.15814
48131,-0.04883
48133,0.26907
48135,-0.18088
48139,0.10017
48141,-0.34539
48143,0.54964
48145,-0.41778
48147,-0.01456
48149,0.00361
48157,-0.31958
48161,-0.07137
48163,-0.37673
48167,-0.76972
48177,-0.49042
48179,0.22162
48181,0.07298
48183,-0.07862
48185,-0.07028
48187,-0.50866
48189,0.73094
48199,-0.22409
48201,-0.76792
48203,0.01676
48209,-0.02869
48213,-0.20922
48215,-0.23275
48217,-0.19514
48219,0.45555
48221,0.24151
48223,-0.14157
48225,0.06763
48227,-0.1237
48231,-0.11152
48233,-0.26533
48241,-0.39284
48245,-0.83124
48249,-0.88378
48251,0.03922
48257,-0.25327
48259,0.75557
48265,0.54796
48273,-0.0154
48277,-0.53524
48291,-0.40583
48293,-0.14491
48303,0.18748
48309,0.05293
48321,-0.8363
48323,-0.04687
48325,-0.29856
48329,-0.00671
48331,-0.16682
48339,0.01287
48347,-0.13397
48349,-0.46889
48355,-0.1385
48361,-0.55379
48363,0.15647
48365,-0.1774
48367,-0.02543
48373,-0.16613
48375,0.48336
48381,0.18389
48391,-0.32074
48395,-0.42821
48397,0.15018
48401,-0.43679
48409,-0.20114
48423,-0.56597
48427,0.23209
48439,-0.11472
48441,0.50809
48451,-0.20141
48453,0.15273
48459,0.25083
48463,-0.10489
48465,-0.11337
48467,0.12394
48469,0.10298
48471,-0.0174
48473,-0.26802
48477,-0.16984
48479,-0.18419
48481,-0.64157
48485,-0.14098
48489,0.06945
48491,0.10811
48493,-0.34779
48497,0.45418
48499,0.06315
48507,-0.16206
49003,0.64776
49005,0.95614
49011,0.31866
49021,0.63352
49035,0.06116
49043,0.81669
49045,-0.07631
49049,0.86849
49053,0.61465
49057,0.29758
50001,0.83468
50003,0.61557
50007,0.42699
50011,0.06361
50015,0.88837
50021,0.32766
50023,0.79664
50025,0.34867
50027,0.76289
51001,-0.24418
51003,0.3612
51009,-0.15206
51013,0.11145
51015,0.17956
51019,0.63485
51031,-0.22407
51041,-0.41066
51047,-0.33588
51057,-0.30511
51059,-0.12981
51061,0.00784
51067,0.61422
51069,0.5158
51083,-0.20537
51085,0.12168
51087,-0.49067
51089,0.15005
51093,-0.19439
51107,0.19569
51109,-0.25205
51117,-0.1912
51121,0.46505
51137,-0.34014
51139,0.09828
51143,0.11094
51147,0.75854
51149,-0.56806
51153,-0.54258
51155,0.22459
51157,0.13652
51161,0.15718
51165,0.30447
51171,0.01398
51173,-0.00817
51179,-0.08365
51185,0.33032
51187,0.13765
51191,0.72173
51195,0.24624
51197,0.21812
51199,-0.02535
51510,-0.15322
51515,-0.00032
51520,0.72123
51540,0.34879
51550,-0.41009
51570,-0.30633
51590,-0.49983
51600,0.35133
51610,0.05063
51630,0.15934
51640,0.55451
51650,-0.53696
51660,0.49168
51670,-0.48765
51678,0.44346
51680,1.12787
51683,-0.82911
51685,-0.30024
51690,-0.22838
51700,-0.43579
51710,-0.76328
51730,-0.5247
51735,-0.0954
51740,-0.77919
51750,-0.1256
51760,-0.27771
51770,0.10975
51775,0.37463
51790,-0.24495
51800,-0.43483
51810,-0.15136
51820,-0.0419
51830,0.0516
51840,0.12782
53001,-0.08389
53005,0.20585
53007,0.50799
53009,0.59087
53011,0.12879
53015,0.11143
53017,0.14508
53021,-0.19287
53025,0.33308
53027,-0.407
53029,0.434
53031,0.71876
53033,0.2502
53035,0.31648
53037,0.27091
53041,0.39524
53045,0.20897
53047,0.67178
53053,-0.08556
53057,0.53892
53061,0.24358
53063,0.54301
53065,0.57485
53067,0.20625
53071,0.65056
53073,0.53124
53075,0.34055
53077,-0.04028
54003,-0.31423
54005,-0.25874
54009,0.10179
54011,0.01805
54019,0.27171
54025,0.45284
54029,-0.34759
54033,-0.22042
54035,-0.26894
54037,-0.16274
54039,-0.25227
54045,-0.26362
54049,-0.04269
54051,-0.29902
54053,0.21057
54055,-0.134
54057,-0.40358
54059,-0.10621
54061,-0.09095
54067,0.12595
54069,-0.16249
54079,-0.19515
54081,-0.41353
54083,0.09154
54097,0.25692
54099,0.17527
54107,-0.45314
54109,0.06603
55005,0.41192
55009,0.401
55017,0.64161
55021,0.32599
55025,0.13978
55027,0.48991
55029,1.14325
55031,0.41678
55035,0.53576
55039,0.57282
55043,0.30975
55045,0.40452
55055,0.42152
55059,-0.28978
55063,0.46112
55071,0.27463
55073,0.55844
55075,0.05731
55079,-0.53432
55081,-0.12353
55085,0.4727
55087,0.45437
55089,0.52999
55093,0.3379
55095,0.39104
55097,0.74332
55101,-0.83693
55105,-0.00413
55109,0.75175
55111,0.60869
55115,0.23499
55117,0.16721
55121,0.59877
55127,0.34118
55131,0.36732
55133,0.40796
55135,0.64259
55139,0.6255
55141,0.38402
56001,0.36744
56005,0.23304
56013,0.25048
56021,0.21696
56025,-0.19976
56029,0.76441
56033,0.35351
56037,0.26711
56039,0.85108
