,fips_code,agr,con,ext,neu,ope
0,0,-0.68137,-1.82017,-0.36967,0.87733,-0.00245
1,1001,-0.72685,-0.61908,0.04729,0.53763,-0.29099
2,1003,0.18771,0.39662,0.29649,0.0994,0.39573
3,1005,-0.24126,-0.21672,0.5065,-0.22808,-0.60496
4,1009,-0.02345,-0.10987,0.10189,0.96879,-0.28931
5,1013,-0.5105,-0.39438,0.46927,0.40193,-0.70735
6,1015,-0.46236,0.09255,0.47208,-0.27758,0.16136
7,1017,-0.31556,-0.16364,0.00861,0.17627,-0.57999
8,1019,0.28718,0.41106,0.14566,0.539,-0.18347
9,1021,0.04762,-0.50004,0.04097,0.61159,-0.1212
10,1025,-0.14918,-0.52331,-0.08236,0.25421,-0.86318
11,1027,-0.16165,0.01699,0.39439,0.12359,-0.37547
12,1031,-0.22961,-0.05848,0.29057,0.04966,-0.29102
13,1033,-0.12151,-0.12579,0.16929,0.20858,-0.46415
14,1039,-0.66808,-0.50258,0.11966,0.3358,-0.28629
15,1043,0.91393,0.81709,0.0857,0.03337,-0.07733
16,1045,-0.50265,-0.32909,-0.52315,0.54125,-0.25487
17,1047,-0.60011,-0.09436,0.32264,-0.09296,-0.54643
18,1049,0.33422,-0.2607,0.10087,0.59104,0.31085
19,1051,-0.37889,-0.50021,0.06038,0.43872,-0.33994
20,1053,-0.76198,-0.22606,-0.22249,0.35491,-0.70057
21,1055,-0.98271,-0.77225,0.88289,0.02703,-0.0727
22,1059,-0.12928,-0.23953,0.04171,0.63479,-0.54758
23,1065,0.05509,0.07369,0.56326,-0.1313,-1.09995
24,1067,-0.48262,-0.25226,0.33781,-0.00659,-0.83333
25,1069,-0.08132,0.2347,0.07456,-0.3031,0.07602
26,1071,0.03409,-0.14502,-0.15552,0.68826,0.14991
27,1073,0.08589,1.01762,-0.03156,-0.72313,0.87849
28,1075,0.06959,0.1429,0.64365,0.15738,-0.73119
29,1077,0.50381,0.31635,-0.05834,0.07655,0.41998
30,1079,-0.13976,-0.25044,0.23597,0.27278,-0.77068
31,1081,0.16877,0.42167,-0.02911,-0.48719,0.57158
32,1083,0.1983,0.13347,0.23241,0.2465,-0.02862
33,1087,-0.22704,-0.00735,0.41179,0.19807,-0.25657
34,1089,-0.06935,0.66278,-0.0758,-0.68566,0.79659
35,1091,-0.41302,0.05942,0.09251,0.04345,-1.02562
36,1093,0.70345,-0.03603,-0.19259,0.57979,0.06127
37,1095,-0.30458,-0.76924,-0.63642,1.31168,-0.10064
38,1097,-0.4606,0.06411,0.23864,-0.22517,0.39424
39,1099,-0.11885,0.06113,0.22797,-0.16242,-0.7731
40,1101,-0.59083,0.58132,0.22706,-0.67681,0.23249
41,1103,0.20353,-0.08252,0.30043,0.15989,0.03355
42,1107,-0.64173,-0.56852,0.74593,0.20205,-0.20763
43,1109,0.01105,0.21686,0.33828,-0.67146,-0.07427
44,1111,-0.25299,-0.32261,0.21269,0.32347,-0.70073
45,1113,-0.56702,-0.32598,0.4173,0.45924,-0.45891
46,1115,-0.07925,0.11121,-0.35603,0.35807,0.01354
47,1117,0.31416,0.28571,-0.35775,-0.03985,0.34824
48,1119,-0.07247,0.27784,0.14777,-0.07855,-0.90887
49,1121,-0.37595,0.12554,0.12908,-0.24446,-0.33986
50,1123,-0.07882,0.03229,0.37993,-0.03202,-0.97229
51,1125,-0.08125,0.4909,0.23655,-0.442,0.34325
52,1127,-0.12206,-0.25757,-0.05173,0.62195,-0.06533
53,1129,-0.20686,-0.0184,0.07149,0.49476,-1.24835
54,1133,0.45217,0.10188,0.07353,0.3355,-0.37607
55,2020,-0.07187,0.50272,-0.75724,-0.36715,1.58586
56,2090,-0.28287,-0.59824,-0.5237,0.62141,1.36446
57,2110,0.12631,-0.38865,-1.09106,0.45,1.1244
58,2122,0.69218,0.66584,-0.88539,-0.07798,0.92166
59,2150,-0.11822,-1.16382,-0.54062,0.78234,0.1248
60,2170,-0.10116,-0.12038,-0.7597,0.24337,1.27837
61,4001,0.35092,-0.50354,-0.06984,0.71978,0.05452
62,4003,0.01974,-0.66798,-0.86342,0.70661,0.68825
63,4005,0.74433,0.65628,-0.81076,-0.17179,1.59291
64,4007,-0.13541,0.44991,0.26092,-0.58486,1.48387
65,4009,0.14672,-0.2882,0.04959,0.37166,0.04025
66,4012,0.14107,-0.8316,0.59355,0.052,-0.64639
67,4013,0.05287,0.45258,-0.23246,-0.58507,1.60016
68,4015,0.03812,-0.03279,-0.35367,0.22048,1.15306
69,4017,0.4019,-1.06553,-0.72064,1.05835,0.27433
70,4019,-0.30644,-0.66394,-0.48478,0.31637,1.17613
71,4021,-0.23777,-0.5188,-0.5592,0.61058,0.51491
72,4023,0.41851,-0.62155,-0.46616,0.639,0.20258
73,4025,0.26889,0.65079,-0.82734,0.36093,1.41868
74,4027,-0.36448,-1.45625,-0.08923,0.73662,0.37
75,5001,0.31117,0.36822,0.24366,-0.35606,-0.54324
76,5003,-0.24306,-0.00175,0.18284,0.31143,-0.91036
77,5005,0.93093,0.58384,-0.21874,0.23458,-0.14444
78,5007,0.89073,0.7108,-0.35306,-0.49273,0.44264
79,5009,1.06919,1.49939,-0.1267,-1.02619,0.07974
80,5015,0.66997,0.84858,0.02188,-0.09694,0.22897
81,5019,0.54398,0.26294,0.54915,-0.61874,-0.14746
82,5023,0.49872,0.31634,0.61408,-0.40978,-0.37501
83,5027,-0.26503,-0.01921,0.14381,-0.41442,-0.40527
84,5029,0.29074,0.30352,0.00525,0.3595,-0.28005
85,5031,0.4806,0.80219,-0.05099,-0.42376,0.24752
86,5033,0.67884,0.16539,-0.3027,0.40288,-0.12543
87,5035,-0.34212,-0.25762,0.22872,0.09296,-0.26543
88,5037,0.12087,-0.11514,0.1387,-0.03159,-0.83825
89,5041,-0.31831,-0.43568,0.53387,0.0368,-1.09026
90,5043,-7e-05,-0.10718,-0.11413,-0.10897,-0.70185
91,5045,0.39493,0.65081,-0.07839,-0.47818,0.42547
92,5051,0.53761,1.10897,-0.39466,-0.20489,0.98363
93,5053,0.16614,-0.05878,0.16578,0.20626,-0.73709
94,5055,0.43886,-0.07421,-0.02456,0.72765,-0.17839
95,5057,-0.23855,-0.5904,0.18779,0.50949,-0.60883
96,5059,-0.0311,-0.25607,0.16406,0.08105,-0.7186
97,5061,0.34018,-0.55494,0.23439,0.17007,-0.83108
98,5063,0.40222,0.32762,-0.25628,0.01725,-0.26985
99,5069,-0.56179,0.10413,0.32987,-0.25554,-0.38151
100,5071,0.50526,-0.21887,0.06491,0.59617,-0.20027
101,5085,0.42402,0.23628,0.08611,-0.03092,-0.15739
102,5091,-0.32649,-0.1101,0.29362,-0.06799,-0.79933
103,5093,-0.55247,-0.09384,0.1514,0.39206,-0.59119
104,5103,-0.05546,-0.12139,0.51993,-0.43407,-0.7826
105,5107,-0.57061,-0.01883,0.21363,-0.11021,-0.76181
106,5111,0.0355,-0.27119,0.33801,0.50594,-0.29785
107,5113,0.156,0.14628,0.10918,0.06629,0.05507
108,5115,0.52599,0.63547,-0.34101,-0.18202,0.25841
109,5119,-0.34214,0.70855,0.17453,-0.84802,0.71639
110,5123,-0.24198,-0.25434,0.07947,0.01548,-0.67201
111,5125,-0.08322,0.05001,-0.21948,0.14193,0.12017
112,5131,0.43618,0.75334,-0.39671,-0.13291,0.44287
113,5133,0.47917,-0.43653,-0.16212,0.22816,-1.12334
114,5139,-0.29057,-0.00024,0.15431,0.22551,-0.59389
115,5143,0.84295,0.97066,-0.21302,-0.71297,0.76611
116,5145,0.7893,0.47953,-0.56836,-0.19099,0.30249
117,6001,-0.53121,-0.10543,-0.40563,-0.56912,1.75219
118,6005,0.20154,0.69899,0.39954,-0.18058,0.22532
119,6007,0.05668,-0.27163,-0.5151,0.09537,1.2393
120,6009,0.63823,0.64026,-0.04689,-0.40397,0.23221
121,6011,0.1899,-0.74212,0.27158,0.74704,-0.57666
122,6013,-0.23598,-0.22463,-0.23108,-0.37939,0.88708
123,6015,-0.03065,-0.53438,-0.64292,0.82468,0.00032
124,6017,0.43817,0.61391,-0.3728,-0.29108,1.14583
125,6019,-0.33484,-1.09467,-0.15621,0.13564,0.41811
126,6021,-0.23435,-1.0497,-0.28087,0.41603,-0.55615
127,6023,-0.06892,-0.60889,-0.8864,0.7102,1.87085
128,6025,-0.13025,-1.44788,-0.46646,0.7033,0.34674
129,6029,-0.52767,-1.41106,-0.21329,0.46853,0.3196
130,6031,-0.14262,-1.25074,-0.22589,0.43461,-0.14995
131,6033,-0.00842,-0.19068,-0.48641,0.46475,0.75367
132,6035,0.30061,-0.81591,0.65728,0.23699,-0.45532
133,6037,-0.15711,-0.39076,0.32409,-0.16427,1.65006
134,6039,-0.53558,-1.3605,-0.7891,0.70047,0.38854
135,6041,0.57,1.29773,-0.73227,-0.46939,1.82045
136,6045,0.22271,0.02414,-0.4716,0.17909,1.05148
137,6047,-0.37819,-1.42524,-0.30721,0.76375,0.17484
138,6051,0.64914,0.82542,0.43451,-0.65044,0.5431
139,6053,-0.26727,-1.17539,-0.39575,0.34371,0.60049
140,6055,0.4398,0.35195,-0.0553,-0.41324,0.98133
141,6057,0.48505,0.74534,-0.21061,-0.26571,1.50606
142,6059,0.46601,0.35804,-0.33639,-0.41554,1.52261
143,6061,0.38327,0.26584,-0.10954,-0.26876,1.03702
144,6065,-0.30174,-1.11165,0.03705,0.10268,0.60959
145,6067,-0.01893,-0.19419,-0.2867,-0.11147,0.92456
146,6069,-0.61491,-1.53275,0.08437,0.61488,0.05239
147,6071,-0.43833,-1.21297,0.19386,0.1485,0.42026
148,6073,0.10831,0.2036,-0.19244,-0.44548,1.80395
149,6075,0.24457,0.6036,-0.62222,-0.49777,2.18205
150,6077,-0.37373,-1.31961,-0.03863,0.50888,0.22215
151,6079,0.89206,0.97301,-0.58181,-0.57058,1.65872
152,6081,0.40582,0.47855,-0.79481,-0.43264,1.47005
153,6083,0.37951,0.0123,-0.37204,-0.07727,1.84039
154,6085,0.25566,0.46561,-0.80865,-0.44084,1.70573
155,6087,0.20677,-0.16832,-0.92029,0.11036,2.10053
156,6089,0.52359,-0.09538,-0.57749,0.21338,1.39741
157,6093,0.3007,-0.23295,-0.49671,0.54813,0.57232
158,6095,-0.49842,-0.96015,-0.08913,-0.17369,0.4202
159,6097,0.56307,0.90833,-0.79404,-0.40386,1.87309
160,6099,-0.25568,-1.1819,-0.30058,0.34403,0.71122
161,6101,-0.34501,-1.23509,-0.18908,0.53867,-0.11899
162,6103,0.35092,0.09039,-0.56754,0.4213,-0.05034
163,6107,-0.25907,-1.62546,-0.27378,0.61084,0.17649
164,6109,0.62281,0.65595,-0.86854,-0.06425,0.84829
165,6111,0.09531,-0.66829,-0.16456,-0.07614,1.04758
166,6113,-0.14866,-0.49585,-1.07266,0.20945,1.34193
167,6115,-0.23602,-1.49304,0.38949,0.82115,-0.22358
168,8001,-0.39971,-0.32712,-0.47692,0.19806,1.05649
169,8005,0.37514,1.01472,-0.68529,-0.62141,1.42997
170,8013,0.63863,1.08189,-0.85894,-0.6712,2.01341
171,8014,0.67272,1.12412,-0.84819,-0.47149,1.00497
172,8031,0.07957,0.84433,-0.47811,-0.65999,1.92423
173,8035,0.63096,1.05033,-0.5331,-0.29424,1.17963
174,8037,0.8979,1.65984,-0.00913,-0.82114,1.076
175,8041,0.37546,0.81895,-0.96549,-0.57159,1.66847
176,8045,0.68782,1.01813,-0.13297,-0.58525,0.74313
177,8051,0.746,1.07329,0.25071,-0.69144,0.2359
178,8059,-0.20426,-0.48088,-0.58579,0.1466,1.56924
179,8067,0.27057,0.00747,-0.61908,0.28071,0.99274
180,8069,0.83706,1.22896,-0.77241,-0.85476,1.733
181,8075,-0.04821,0.50656,0.14022,0.23902,-0.71436
182,8077,0.25926,0.16026,-0.40814,-0.02516,0.62128
183,8087,0.13088,0.25868,-0.33451,0.30176,-0.48439
184,8097,0.31326,1.14414,0.45941,-1.02058,1.14637
185,8101,-0.08691,0.31667,-0.50589,0.243,0.88819
186,8107,-0.74029,-1.81945,-0.12609,0.7011,0.99925
187,8117,0.78232,1.46553,-0.15023,-1.16904,0.85883
188,8123,0.37299,0.33461,-0.41892,0.07218,0.9626
189,9001,-0.44424,-0.00984,-0.28307,0.03783,0.55219
190,9003,-0.81878,-0.239,-0.0214,-0.15702,0.69183
191,9005,-0.20299,-0.15601,-0.73818,0.55016,0.71981
192,9007,-0.29208,-0.08746,-0.46835,0.2427,0.61609
193,9009,-0.82431,-0.44453,-0.20318,0.21742,0.90862
194,9011,-0.4443,-0.16133,-0.44946,0.25489,1.06616
195,9013,0.1131,-0.18197,-0.11462,0.13507,0.82055
196,9015,-0.22394,-0.29594,-0.21084,0.446,0.21781
197,10001,-0.66207,-0.48436,0.24659,-0.08236,0.12702
198,10003,-0.57464,0.10794,0.11068,-0.4759,0.66226
199,10005,-0.07849,0.02652,-0.01869,0.28624,0.10638
200,11001,-0.27509,0.74227,-0.2243,-0.77187,1.66518
201,12001,0.0534,0.80915,-0.30658,-0.76412,1.50409
202,12005,0.53793,0.39649,0.43181,-0.59741,0.3003
203,12007,0.24267,0.16668,0.3239,-0.17637,-0.60161
204,12009,-0.12042,0.41235,-0.6228,-0.34534,1.32087
205,12011,-0.67877,0.11658,0.31029,-0.72763,0.96506
206,12015,-0.20773,0.45045,-0.16295,-0.06293,0.68861
207,12017,-0.06424,0.38681,-0.69697,0.29491,0.77641
208,12019,0.05266,-0.16538,0.20761,0.07226,0.40511
209,12021,-0.25725,0.70634,-0.1021,-0.23867,1.10912
210,12023,-0.11889,0.22052,-0.30085,0.18398,0.14637
211,12031,-0.26112,0.57684,0.22367,-0.86127,1.04551
212,12033,-0.41805,-0.51725,-0.34559,0.47501,0.17155
213,12035,-0.30495,-0.20278,-0.4165,0.56882,0.96179
214,12039,-0.33479,0.0682,0.62493,-0.49059,-0.46579
215,12051,-0.2626,-0.15861,0.68937,-0.06749,-0.40411
216,12053,0.12695,0.15464,-0.63889,-0.1205,0.93426
217,12055,-0.08025,0.11983,-0.52578,0.30541,0.13428
218,12057,-0.32673,0.58542,0.08802,-0.71368,1.35585
219,12061,-0.13769,0.01974,0.0284,-0.10503,0.86203
220,12063,0.25025,0.3734,-0.36313,-0.05006,-0.01413
221,12069,0.02863,0.17985,-0.38107,-0.24475,0.8883
222,12071,-0.02734,0.78242,-0.19881,-0.50956,0.98205
223,12073,-0.32599,0.29088,0.24687,-0.83239,0.87154
224,12075,-0.30955,-0.47891,-0.13473,0.72379,-0.14711
225,12081,-0.02448,0.30777,0.28066,-0.48096,0.51225
226,12083,-0.52472,-0.75078,-0.30646,0.44233,0.7958
227,12085,-0.16819,0.10464,-0.22024,0.09288,0.79983
228,12086,-0.72311,-0.21467,0.75188,-0.45198,1.02797
229,12087,-0.1312,0.8536,0.07482,-0.35875,1.38168
230,12089,-0.1867,-0.06083,0.14619,0.60343,-0.0046
231,12091,0.06511,0.40729,0.02496,-0.23718,0.98765
232,12093,0.32981,-0.17875,0.23899,-0.05343,0.04059
233,12095,-0.19234,0.31558,0.19397,-0.68349,1.45195
234,12097,-0.40861,-0.53414,0.02233,-0.01138,0.6925
235,12099,-0.11778,1.02584,0.16098,-0.97385,1.22811
236,12101,0.2105,0.50256,-0.48748,-0.08577,0.92323
237,12103,-0.02324,0.61252,-0.47343,-0.31364,1.4448
238,12105,0.03165,0.08793,-0.03812,-0.48603,0.71012
239,12107,-0.18003,-0.27732,-0.01568,-0.01152,-0.01545
240,12109,0.36346,0.79314,-0.30019,-0.43395,1.09889
241,12111,-0.68508,-0.22054,0.08423,-0.4378,0.25631
242,12113,-0.14325,-0.36279,-0.27032,0.1007,0.69669
243,12115,-0.68002,-1.44706,-0.08299,1.35418,0.85019
244,12117,-0.07016,0.17152,-0.59486,-0.31827,1.13134
245,12119,0.46633,0.96771,-0.14396,-0.46863,0.29029
246,12127,-0.23481,0.1834,0.11902,-0.37129,0.74264
247,12131,0.61894,0.5965,0.57121,-0.59765,0.18849
248,13009,0.25357,0.2538,0.09394,-0.1244,0.3623
249,13013,0.01486,-0.22105,0.00803,0.76604,0.07182
250,13015,0.01158,-0.2386,0.23155,0.29452,0.25027
251,13017,-0.40538,-0.36832,0.44473,-0.01436,-0.86882
252,13021,-0.77986,0.14995,0.35618,-0.60155,0.24453
253,13023,-0.04102,-0.19785,0.38368,-0.11848,-0.62554
254,13029,-0.27868,-0.80492,-0.71787,0.49249,0.05957
255,13031,-0.47884,-0.14269,0.29569,-0.19086,0.18753
256,13033,-0.55122,-0.45405,0.51352,0.10001,-0.97904
257,13035,-0.2635,-0.35832,0.52364,-0.18081,-0.28907
258,13039,0.045,0.08297,0.14622,-0.3384,-0.01098
259,13045,-0.1032,0.28529,0.19756,-0.30276,0.29203
260,13047,0.48817,-0.014,-0.19914,0.28341,0.44975
261,13051,-0.55682,0.17814,0.10916,-0.5582,1.09016
262,13055,0.02053,0.06667,-0.12568,0.48188,-0.50324
263,13057,0.41335,0.9163,-0.29255,-0.08502,0.65807
264,13059,0.23159,0.36845,-0.25344,-0.31811,1.42992
265,13063,-0.71387,-0.16731,0.83152,-0.15724,0.12994
266,13067,-0.1534,-0.1497,0.27964,-0.38987,0.41608
267,13069,-0.02305,-0.40949,0.7572,-0.00589,-0.54478
268,13071,0.03136,-0.12689,-0.08292,0.03146,-0.27975
269,13073,-0.08856,-0.16097,-0.04525,-0.10475,0.1444
270,13077,-0.26272,0.07202,0.14244,-0.23459,-0.0474
271,13081,-0.29732,-0.21068,0.82803,-0.352,-0.79352
272,13087,-0.22562,-0.20785,0.46075,-0.32838,-0.41755
273,13089,-0.63136,0.12752,0.75873,-0.31659,0.40887
274,13095,-0.32479,-0.03135,0.75935,-0.05069,-0.13821
275,13097,-0.16964,-0.11849,0.54751,-0.60412,0.35664
276,13099,-0.54284,-0.35725,0.29296,0.01376,-1.23922
277,13103,0.21341,0.08474,-0.21918,0.252,-0.37494
278,13105,-0.03219,-0.05209,0.35921,0.15381,-0.92716
279,13107,-0.45595,-0.20088,0.26715,0.15539,-0.78096
280,13113,0.27033,0.74593,0.18555,-0.74263,0.65366
281,13115,-0.12706,0.36167,-0.10928,-0.1267,0.18103
282,13117,0.45549,0.5938,-0.14797,-0.25267,0.43793
283,13121,-0.50068,0.48021,0.68963,-0.78244,1.12448
284,13123,0.23651,0.00317,0.17761,0.25183,0.01716
285,13127,-0.40489,-0.10637,0.45054,-0.33944,0.12716
286,13129,0.09257,-0.48033,-0.48148,1.06145,-0.35403
287,13131,0.16722,-0.23512,0.39023,-0.10132,-0.60673
288,13135,-0.14296,0.30448,0.2441,-0.83742,0.51555
289,13137,0.46874,0.42549,0.0287,-0.0282,-0.16441
290,13139,0.64552,0.50238,-0.09181,-0.29545,0.47969
291,13143,0.25395,-0.20931,-0.24704,0.20845,-0.01622
292,13147,-0.02576,-0.13075,0.32483,0.15482,-0.50649
293,13151,-0.08814,0.17247,0.57192,-0.64547,0.26087
294,13153,-0.79449,-0.1779,0.33241,-0.09875,-0.10658
295,13157,-0.20888,0.11027,-0.09597,0.1435,-0.26765
296,13163,-0.04026,-0.30004,0.71008,0.16391,-1.05465
297,13171,-0.11994,-0.0998,0.4105,0.05528,-0.67061
298,13175,-0.3237,-0.00495,0.04228,0.00359,-0.19742
299,13177,0.0671,0.01121,0.1536,0.42236,0.08403
300,13179,-0.78348,-0.43185,0.04536,-0.23125,0.03937
301,13185,-0.46151,-0.37634,0.28518,0.07024,0.09923
302,13187,0.76032,0.53865,-0.46972,-0.04869,0.35058
303,13189,-0.36679,-0.35476,0.70735,0.10996,-0.61611
304,13199,-0.27982,-0.59765,-0.06208,0.38558,-0.34934
305,13205,-0.48995,-0.10924,0.46347,0.1276,-0.87378
306,13207,-0.24814,-0.08659,0.28426,0.02257,-0.99117
307,13211,-0.1866,0.26522,0.53244,-0.28408,-0.00343
308,13213,0.57264,0.20212,-0.13109,0.04698,-0.25483
309,13215,-0.62457,0.19337,0.56872,-0.50389,0.13144
310,13217,-0.35111,-0.49374,0.33728,-0.29822,0.13881
311,13219,0.52524,0.45897,0.34327,-0.71059,-0.48222
312,13223,0.04088,0.05515,0.41613,-0.0302,0.37614
313,13225,-0.45759,-0.02229,0.52119,0.12781,-0.27236
314,13231,0.1222,0.21977,0.61913,0.0134,-0.5897
315,13233,-0.13494,-0.13887,0.14115,0.79782,-0.20496
316,13245,-0.47528,0.27709,0.41431,-0.76842,0.41828
317,13247,-0.58627,-0.30982,0.67846,-0.08033,0.13012
318,13255,-0.37455,-0.2287,0.51247,-0.09095,0.01145
319,13257,0.40388,-0.12213,-0.00971,0.08188,-0.38041
320,13261,-0.44179,0.20901,0.1809,-0.00879,-0.30676
321,13267,-0.32167,-0.23062,0.22848,-0.02273,-0.78312
322,13275,-0.27314,-0.20875,0.54653,-0.51279,-0.25066
323,13277,-0.47489,-0.3748,0.12359,-0.04227,-0.11046
324,13279,-0.30201,-0.32822,0.24295,0.61745,-0.5623
325,13285,0.07,0.37181,0.78902,-0.69515,-0.52243
326,13293,-0.41835,0.0579,0.34391,0.02809,-0.54908
327,13295,0.32379,0.36736,-0.23352,0.75425,0.242
328,13297,-0.38843,-0.15249,0.22636,0.06122,-0.34023
329,13299,-0.22355,0.09455,0.43781,-0.98958,-0.23027
330,13303,-0.48254,0.22023,0.46204,-0.41601,-1.08477
331,13305,0.49906,0.2427,0.76583,-0.54364,-0.38289
332,13311,0.59664,0.89633,0.75074,-0.90861,0.31501
333,13313,0.4116,0.01604,-0.09664,0.29875,0.02011
334,13319,-0.0738,-0.25196,0.0917,-0.19291,-0.18943
335,13321,-0.30731,-0.32438,0.04227,0.2232,-0.55146
336,15001,0.76892,0.57194,-0.55876,-0.22787,1.14135
337,15003,0.33029,0.2245,-0.60148,-0.23924,1.41336
338,15007,0.29664,0.20148,-0.09238,-0.11173,-0.07985
339,15009,0.94333,0.75016,0.06026,-0.27678,1.01102
340,16001,0.46424,0.96787,-0.6863,-0.59147,1.57817
341,16005,0.46519,0.23717,-0.65416,-0.01576,1.0069
342,16011,0.1046,-0.45767,-0.12337,0.40896,0.19369
343,16013,0.33664,0.48477,0.42151,0.00132,0.45305
344,16017,0.55003,0.8358,-0.3007,-0.30163,0.88274
345,16019,0.28354,0.11316,-0.69301,0.15309,1.10456
346,16027,0.44093,-0.34162,-0.93261,0.46501,0.82265
347,16055,0.28244,0.56569,-0.16885,0.05954,0.5698
348,16057,0.16045,0.42004,-1.10267,-0.27614,1.03377
349,16065,0.99432,0.3367,-0.7123,-0.17715,0.81735
350,16069,0.6948,0.31763,-0.04508,0.23948,0.13565
351,16083,0.55236,0.46127,-0.56357,0.01498,0.74701
352,17001,0.30372,0.95624,-0.17399,-0.31592,0.2909
353,17005,0.87704,0.50617,-0.2954,-0.70289,-0.02635
354,17007,-0.20665,-0.56133,-0.13254,0.59338,0.04842
355,17011,0.23015,0.55275,-0.11953,0.09914,-0.11223
356,17015,-0.30083,-0.63602,0.39397,0.46099,-0.78827
357,17019,-0.1779,0.12506,-0.71026,-0.28304,1.04214
358,17021,-0.35558,-0.79821,-0.03719,0.75305,-0.13423
359,17027,0.2537,0.18195,0.46264,0.09264,-0.33131
360,17029,-0.04721,0.19397,-0.08985,0.10256,0.06169
361,17031,-0.62135,0.10182,-0.07128,-0.20666,1.66297
362,17033,0.20907,-0.04363,-0.11295,0.74455,-0.23123
363,17037,-0.24062,-0.03554,-0.13242,-0.02356,0.44855
364,17041,0.36795,0.10345,0.34772,0.05059,-0.76334
365,17043,0.20723,0.59043,-0.56381,-0.49745,0.87678
366,17049,-0.02665,0.03699,-0.08357,0.13713,-0.56734
367,17055,0.24773,-0.49715,-0.07671,0.46756,0.16851
368,17063,-0.34689,-1.07517,0.0514,1.11738,-0.36912
369,17073,0.11702,-0.46475,0.24022,0.83959,-0.34271
370,17075,-0.07898,-0.26668,0.23442,0.71699,-0.30238
371,17077,-0.18154,0.22953,-0.24753,-0.78924,0.81999
372,17081,0.17375,0.23488,-0.1578,0.01559,-0.45905
373,17085,0.56516,0.46814,0.32542,0.26858,-0.56046
374,17089,0.02937,0.04817,-0.81738,-0.04582,0.57191
375,17091,-0.30355,-0.64606,-0.20925,0.49607,-0.09808
376,17093,-0.10146,-0.52402,-0.16159,0.24399,-0.00551
377,17095,-0.23356,-0.43384,-0.1197,0.53796,-0.1256
378,17097,-0.42702,-0.2997,-0.48469,-0.07272,0.9718
379,17099,0.10505,-0.23656,-0.42085,0.58081,-0.11025
380,17103,0.18621,-0.3425,-0.05376,0.54351,-0.29357
381,17105,0.39199,0.21593,0.21226,0.08874,0.12753
382,17107,-0.01856,-0.15833,-0.23281,0.08454,0.04042
383,17109,-0.32548,-0.19476,0.16369,0.10566,-0.00922
384,17111,0.31251,0.17121,-0.8157,0.11027,0.70334
385,17113,0.16133,0.45482,-0.55563,-0.32009,0.70393
386,17115,-0.49539,0.16331,-0.08845,-0.29026,0.24799
387,17117,-0.00583,0.13106,0.0066,0.85224,-0.37674
388,17119,-0.2636,-0.40483,-0.2779,0.36508,0.21915
389,17121,0.27664,-0.28604,0.19754,0.30573,-0.16999
390,17127,-0.61166,-1.1624,-0.85922,0.58067,1.97092
391,17133,0.45785,0.0688,0.0247,0.05245,-0.40166
392,17135,0.53605,0.44914,0.2972,-0.20673,-0.49648
393,17137,0.18834,0.29317,0.27522,-0.07153,0.14004
394,17141,0.02929,-0.111,-0.28701,0.28219,-0.34152
395,17143,-0.1571,0.24092,-0.3805,-0.26189,0.78557
396,17145,0.08397,-0.35976,0.21654,0.26056,-0.30602
397,17147,0.04322,-0.15505,0.33276,-0.14745,-0.5294
398,17161,-0.15869,-0.30315,-0.13905,0.21772,0.09182
399,17163,-0.84999,-0.38442,0.25112,-0.19456,-0.00661
400,17165,0.47008,0.49864,0.01183,0.28488,-0.64358
401,17167,-0.25377,0.47063,-0.43645,-0.02045,0.53392
402,17173,0.01546,-0.12177,0.11315,0.67854,-0.52955
403,17177,-0.20974,0.1099,0.07997,0.22116,-0.4342
404,17179,0.08574,-0.20766,-0.65331,0.70993,0.69152
405,17183,-0.67586,-0.83713,-0.00455,1.01705,-0.33364
406,17187,-0.06395,-0.16896,-0.02229,0.54648,-0.51643
407,17195,-0.08438,-0.19662,-0.42872,0.66318,0.12888
408,17197,-0.75859,-0.95101,0.11198,0.26438,0.15814
409,17199,0.05967,0.03885,-0.87342,0.64788,0.04655
410,17201,-0.09585,-0.0918,-0.33184,0.06458,0.85159
411,17203,0.61614,-0.26059,0.23743,0.51259,-0.44372
412,18001,-0.07503,-0.33008,0.20199,-0.06856,-0.74214
413,18003,-0.01042,-0.00818,0.02608,-0.41121,0.32388
414,18005,0.06809,-0.02631,-0.74327,0.38426,0.53512
415,18011,0.44354,0.27469,-0.19917,-0.01571,0.18017
416,18013,0.3364,-0.32469,0.19962,0.64748,0.64251
417,18015,0.40179,-0.46051,-0.18815,0.53987,0.10119
418,18017,0.01251,-0.69143,0.07086,0.84208,-0.42996
419,18019,-0.38283,-0.4033,0.42233,0.11689,0.03431
420,18023,0.28418,-0.1565,0.18761,0.32208,-0.79284
421,18027,0.06392,-0.62242,-0.39118,0.66817,0.27137
422,18029,-0.40473,-0.75331,0.24605,0.77929,-0.08375
423,18031,0.55506,0.59941,0.0994,0.03994,-1.08382
424,18033,0.32575,-0.74736,-0.21064,0.70409,-0.26217
425,18035,0.09056,-0.27366,-0.02543,0.14004,0.80155
426,18037,0.51505,-0.62026,-0.33852,0.57362,0.34389
427,18039,0.18867,-0.29663,-0.37056,0.26763,0.25802
428,18041,0.39192,-0.39678,0.64268,-0.11991,-0.99222
429,18043,-0.04088,0.07981,-0.07178,0.12041,0.61244
430,18045,-0.09504,-0.51256,0.13803,0.49038,-0.56587
431,18049,-0.40615,-0.48113,0.50681,0.16075,-0.59322
432,18051,0.12648,-0.3346,-0.18921,0.53531,-0.37335
433,18053,0.17853,-0.18312,-0.31053,0.01669,0.13803
434,18055,-0.35513,-0.17157,0.02784,1.03169,-0.30989
435,18057,0.32743,0.54076,0.34567,-0.59412,0.67149
436,18059,0.3356,0.01685,-0.28606,0.34823,0.15685
437,18061,0.15362,-0.12761,0.28251,0.18405,-0.02616
438,18063,0.30978,0.20858,0.41626,0.05784,-0.41058
439,18065,0.10179,-0.29036,-0.00703,0.62452,-0.29203
440,18067,-0.2172,-0.81227,-0.10895,0.58053,0.18952
441,18069,0.63262,0.27472,-0.26804,0.15227,-0.27369
442,18071,0.48632,-0.21177,-0.07886,0.69686,-0.13671
443,18073,0.00886,-0.42915,0.38264,0.51174,-0.6127
444,18075,-0.05453,-0.728,-0.29979,0.80557,0.17787
445,18077,0.52763,0.67851,0.39706,-0.21277,-0.04875
446,18079,0.32915,-0.06647,0.48537,0.18789,-0.78971
447,18081,0.27237,0.03194,-0.14196,0.34627,0.44552
448,18083,-0.17289,-0.09536,-0.0887,0.12011,-0.22376
449,18085,0.76846,0.08433,-0.46403,-0.16889,0.14599
450,18087,0.21056,-0.28842,0.09605,0.31461,-0.818
451,18089,-0.92319,-0.83396,0.16374,0.20382,0.20448
452,18091,-0.5358,-0.32646,-0.37437,0.3287,0.4658
453,18093,0.05923,-0.47703,-0.39478,0.83082,-0.09697
454,18095,0.39549,0.04609,-0.0939,-0.04583,0.04918
455,18097,-0.25065,0.74167,0.03567,-0.78169,1.25361
456,18099,0.46869,-0.15808,-0.21686,0.24725,-0.0961
457,18103,-0.30152,-0.33088,0.35374,0.46624,0.43494
458,18105,0.14058,0.33362,-0.46614,-0.45973,1.76475
459,18107,0.24302,0.02239,-0.09475,0.19689,0.07569
460,18109,-0.54744,-1.32801,0.30102,1.03426,0.58967
461,18113,-0.14923,-1.30035,-0.37909,1.39534,-0.07457
462,18117,0.04476,-0.23661,0.45566,0.32393,-0.31839
463,18127,0.0952,-0.12973,-0.54783,0.54514,0.41091
464,18133,0.39322,0.2399,-0.29374,0.48346,0.16619
465,18135,0.20258,-0.53328,0.15795,0.71378,-0.43652
466,18137,-0.43078,-0.696,0.41574,0.81029,-0.30881
467,18139,-0.46724,-0.75491,0.23723,0.09614,-0.74915
468,18141,-0.02034,0.28487,-0.25827,-0.41249,0.69756
469,18143,0.47103,-0.57279,0.39175,0.6757,0.30721
470,18145,-0.05789,-0.17959,-0.26403,0.7739,0.03965
471,18153,-0.10254,-0.09795,0.25415,0.44164,-0.78948
472,18157,0.3172,0.54535,-0.89999,-0.53163,0.92284
473,18163,0.00346,-0.14359,-0.09128,0.18794,0.5311
474,18167,0.12229,0.01477,0.21503,-0.27874,0.09446
475,18169,-0.12086,-0.02172,-0.15031,0.52864,0.28257
476,18173,0.14075,-0.2785,-0.03249,0.1615,-0.16103
477,18175,0.12891,-0.044,0.43016,0.16879,-0.77078
478,18177,-0.35893,-0.69366,-0.1258,0.74328,0.85791
479,18179,0.52784,0.14944,0.00434,-0.3245,-0.76099
480,18181,0.03601,-0.36684,-0.26213,0.42771,-0.27064
481,18183,0.65311,-0.30076,0.24539,0.38809,-0.32876
482,19011,0.23126,-0.20062,-0.20804,0.61781,-0.58675
483,19013,0.24845,0.03527,0.00503,-0.22836,-0.01381
484,19015,-0.00618,-0.38054,-0.18536,0.67379,-0.76952
485,19017,0.78484,0.11559,0.08393,-0.38228,-0.39726
486,19019,0.27452,-0.06693,0.17168,0.38909,-0.98473
487,19021,0.72617,0.13283,-0.18605,0.07094,-0.55024
488,19027,0.68425,0.21554,0.0866,0.34886,-0.77771
489,19031,0.00806,-0.0457,-0.19286,0.73216,-0.2588
490,19033,0.83412,0.03746,0.17113,0.14043,-0.29838
491,19041,-0.00233,-0.1402,-0.274,0.38922,-0.5032
492,19045,-0.19547,-0.42157,-0.02405,0.8754,-0.51569
493,19049,0.3157,0.1226,-0.13865,0.11871,-0.26837
494,19057,-0.20335,-0.04881,-0.08963,0.33794,-0.06243
495,19059,1.05855,0.69413,0.53359,-0.44864,-0.58686
496,19061,0.06572,-0.34379,-0.04543,0.16781,-0.27093
497,19065,0.35501,-0.23723,-0.0229,0.52464,-0.87958
498,19067,0.27638,-0.30237,0.18248,0.15739,-0.93577
499,19079,0.44236,0.36254,0.09814,0.07598,-1.10305
500,19083,0.52579,-0.36383,0.31098,0.05343,-0.64742
501,19095,0.4313,0.16544,0.28158,-0.17564,-0.70269
502,19097,0.25281,-0.2047,0.25686,0.59987,-0.82705
503,19099,0.58605,0.3076,0.16417,0.33241,-0.83692
504,19101,0.36135,1.3462,-0.8724,-0.49141,1.61659
505,19103,0.09616,-0.09434,-0.5691,-0.02312,1.20417
506,19105,0.28293,-0.08817,0.24273,0.47932,-0.61842
507,19111,-0.21509,0.01492,0.1798,0.3811,-0.46745
508,19113,0.15776,0.40182,-0.24865,-0.18894,0.19024
509,19121,0.3028,-0.36141,0.13934,0.8805,-0.9262
510,19123,-0.12365,-0.00957,0.21223,0.07739,-0.54884
511,19125,0.51765,0.48906,0.29592,-0.03085,-0.45616
512,19127,-0.24647,-0.81502,0.03102,0.99151,-0.76891
513,19139,0.01078,-0.49332,-0.2776,0.51598,-0.04017
514,19149,0.29096,0.01079,0.18629,0.27795,-0.83431
515,19153,0.30973,0.65139,-0.31967,-0.47486,0.63971
516,19155,0.00814,0.00549,-0.52584,0.45932,0.15819
517,19157,0.17462,-0.06022,-0.45474,0.54356,-0.09943
518,19163,0.05404,0.05956,0.05371,-0.07922,0.10842
519,19165,0.70684,0.04429,0.60953,0.01403,-0.65576
520,19167,1.13407,0.70384,-0.14715,-0.58116,-0.59466
521,19169,0.47157,0.19711,-0.45633,-0.45393,0.49122
522,19171,0.23275,-0.66888,-0.11524,-0.02067,-1.2086
523,19175,0.38394,-0.03999,0.19592,0.40087,-1.12906
524,19179,0.33126,-0.12005,-0.40266,0.60427,-0.45192
525,19181,0.33656,0.2437,-0.20831,0.12981,-0.19174
526,19187,-0.06771,0.56647,0.08359,-0.13389,-0.70397
527,19189,0.56426,-0.26539,0.21694,-0.08649,-0.73421
528,19191,0.57506,0.2587,-0.22102,0.04391,0.35758
529,19193,-0.00363,-0.53217,-0.11328,0.38115,-0.01072
530,20001,-0.09094,-0.69517,0.47241,0.05459,-0.85966
531,20005,-0.01512,0.15883,0.53849,-0.00507,-0.48762
532,20009,0.10131,-0.40543,0.02334,0.48812,-0.49791
533,20011,0.27066,-0.075,0.65676,-0.37868,-0.57671
534,20015,0.20219,-0.31989,0.16506,0.30952,-0.02037
535,20021,0.14064,-0.627,0.40391,0.76296,-0.60062
536,20035,0.42233,0.0591,0.03634,-0.28752,-0.36031
537,20037,0.10581,0.17174,0.06764,0.1658,0.02785
538,20041,0.18059,0.01205,0.19783,0.58527,-0.24453
539,20043,0.574,0.12344,0.56092,-0.43351,-1.1954
540,20045,0.29705,0.24579,-0.66179,-0.17781,1.47834
541,20051,0.16506,0.24642,-0.01969,0.22625,0.00953
542,20055,0.0835,-0.08123,-0.01378,0.01205,-0.73623
543,20057,-0.47246,-0.68636,0.19303,0.29085,-0.47145
544,20059,0.40796,-0.08271,-0.06055,-0.06043,-0.34981
545,20061,-0.20815,-0.25653,0.20581,-0.02447,-0.23959
546,20079,0.68376,-0.26506,-0.40036,0.50822,-0.45063
547,20091,0.23925,0.94344,-0.63257,-0.64103,0.76408
548,20099,-0.234,-0.60139,0.2174,0.3919,-0.16877
549,20103,-0.30038,0.18271,0.04932,0.23347,-0.09928
550,20111,0.37326,0.15241,-0.07027,-0.00392,0.00804
551,20113,0.57247,-0.17106,-0.48882,0.14615,-0.22854
552,20121,0.34694,-0.6624,0.40433,0.62521,-0.18104
553,20125,-0.52186,-0.52556,0.37985,0.06924,-0.72285
554,20133,0.00437,-0.13758,0.23069,-0.05609,-0.67887
555,20149,0.29342,-0.30826,0.14649,-0.25401,-1.24776
556,20151,-0.2861,-0.1844,0.3278,-0.15253,-0.73129
557,20155,0.52285,0.58665,-0.36795,0.15643,0.06502
558,20161,0.32434,0.46228,-0.06625,-0.68187,0.47817
559,20169,0.00441,-0.27436,-0.23903,0.42147,0.04468
560,20173,-0.10916,0.05036,-0.35846,-0.09647,0.47406
561,20175,-0.56588,-1.41188,-0.88861,1.63649,1.56017
562,20177,0.1946,0.66177,-0.63004,-0.30372,0.61868
563,20191,0.09185,-0.44863,0.22526,0.58339,-0.61481
564,20209,-0.43618,-0.36518,-0.43986,-0.26711,0.5706
565,21001,0.71075,0.6444,0.55168,-0.29451,-0.38588
566,21005,0.80446,0.53802,0.15918,-0.35756,-0.63329
567,21009,0.06605,0.3114,-0.36016,0.08777,-0.09191
568,21013,-0.16988,-0.58994,-0.14644,0.7601,-0.49536
569,21015,0.29401,0.50842,0.03,0.04037,0.18067
570,21017,0.07116,0.14056,-0.04001,0.40227,-0.59289
571,21019,-0.10671,0.07509,-0.18747,0.68985,0.02604
572,21021,0.31055,0.31468,-0.04636,0.37102,-0.14257
573,21029,-0.10747,-0.03887,0.10455,0.34145,-0.37174
574,21035,0.76758,0.64748,0.21085,-0.21078,0.00591
575,21037,0.20394,0.40791,0.1328,-0.19339,0.47775
576,21043,0.65929,-0.46535,-0.27915,0.73507,-0.56355
577,21047,-0.41343,-0.18804,0.43359,0.11682,-0.34089
578,21049,-0.17632,-0.52907,0.13437,0.5969,-0.17221
579,21059,0.29797,0.46224,-0.14004,0.1121,0.29132
580,21067,0.32137,0.87966,-0.05014,-0.65971,0.8388
581,21071,-0.29977,-0.23057,-0.13569,0.53212,-0.7199
582,21073,-0.24713,0.52186,-0.07277,-0.49001,0.30755
583,21083,0.15803,-0.23695,0.25011,0.10174,-0.6533
584,21089,0.18833,-0.31864,0.04081,1.05817,-0.05955
585,21093,-0.58173,-0.25029,-0.28849,0.33094,0.61123
586,21095,-0.23812,-0.50854,-0.65997,1.38075,-0.18801
587,21097,0.0848,-0.49823,0.46408,0.57456,-0.87371
588,21101,0.29969,0.28025,-0.14084,0.4627,0.09719
589,21107,0.40675,0.78945,0.09855,-0.47299,-0.29998
590,21111,-0.43431,-0.1964,0.40838,-0.30629,0.34698
591,21113,0.79455,0.51395,-0.24832,0.11024,0.30316
592,21115,0.00732,-0.40695,0.32945,0.60435,-0.6388
593,21117,0.00416,0.30052,0.08791,-0.23727,0.30164
594,21121,0.18546,-0.39299,-0.09785,0.80407,-0.39994
595,21125,0.37362,-0.33166,-0.44259,0.40344,0.01739
596,21141,0.62602,0.13023,0.38643,-0.17631,-0.45553
597,21145,0.01151,0.41473,-0.07441,0.05007,0.17016
598,21151,0.32645,0.14236,-0.22232,0.20259,0.47737
599,21157,0.38089,0.26415,0.17327,0.32993,-0.76444
600,21161,-0.1459,-0.29965,0.47139,0.27877,-0.34547
601,21167,0.07772,-0.41641,-0.03015,0.74108,0.0513
602,21177,0.3232,-0.18304,-0.10042,0.54878,0.34601
603,21179,-0.37518,-0.39517,0.05779,0.76962,-0.31522
604,21183,0.078,-0.26521,0.33003,0.02579,-0.52802
605,21185,0.33725,0.30171,-0.06583,-0.24807,-0.4588
606,21193,-0.16919,0.06501,-0.28266,0.8433,-0.56566
607,21195,0.08451,0.11918,-0.27174,0.61053,-0.3833
608,21199,0.77369,-0.06152,-0.06861,0.26568,0.1581
609,21209,0.10761,0.34095,0.28276,-0.00729,-0.18791
610,21211,0.20748,0.27777,0.28178,-0.3289,-0.55872
611,21213,-0.01448,0.17121,0.54681,-0.10255,-0.56999
612,21217,0.48562,0.05864,-0.2177,0.06237,-0.59375
613,21227,0.48307,0.79194,-0.03937,-0.63098,0.41474
614,21235,0.21127,-0.11618,-0.51109,0.95804,-0.16755
615,21239,0.26196,0.37581,0.16563,-0.11072,-0.60648
616,22001,-0.51412,-0.40964,0.21747,0.09746,-0.35649
617,22003,-0.1569,-0.09333,0.75507,-0.11522,-0.5152
618,22005,-0.37459,0.52694,0.37118,-0.40004,-0.1598
619,22009,-0.62386,-0.39971,0.29122,0.36882,-0.49692
620,22011,-0.04439,-0.08532,0.47372,-0.12057,-0.46096
621,22015,-0.35718,-0.06151,0.21061,-0.12664,0.14065
622,22017,-0.69273,-0.10772,0.0998,-0.26911,0.66858
623,22019,-0.31901,-0.02623,0.45801,-0.36784,-0.10362
624,22029,-0.62456,-0.62766,0.30217,-0.03192,-0.82919
625,22031,-0.27638,0.06491,0.40782,-0.42835,-0.98206
626,22033,-0.73285,0.31787,0.35928,-0.63733,0.45442
627,22039,-0.51953,-0.25242,0.30414,0.09631,-0.83417
628,22045,-0.71177,-0.1955,0.17171,-0.08923,-0.24987
629,22047,-0.62578,-0.40275,0.23546,0.17058,-0.55442
630,22049,-0.36329,-0.20267,0.90301,-0.13265,-0.91362
631,22051,-0.78364,-0.32238,0.32022,-0.0278,0.30576
632,22053,-0.3724,-0.52656,0.01093,0.31813,-0.17583
633,22055,-0.53614,0.18909,0.32427,-0.38103,0.75004
634,22057,-0.66938,-0.48153,0.03665,0.41331,-0.2709
635,22061,-0.34135,0.2172,0.50072,-0.36401,-0.21512
636,22063,0.07174,-0.37633,0.02746,0.24462,-0.21156
637,22065,-0.28506,-0.37529,0.73687,-0.10874,-0.93048
638,22067,-0.57825,-0.39312,0.40181,0.14215,-0.86365
639,22069,-0.38858,0.16405,-0.08247,-0.26353,-0.15731
640,22071,-0.76532,0.03878,0.3558,-0.20277,0.89905
641,22073,-0.66468,0.31376,0.24315,-0.44979,-0.21693
642,22075,-0.62432,-0.78131,0.25472,0.50623,0.24165
643,22079,-0.79701,-0.28669,0.24419,-0.02157,0.13413
644,22083,-0.74677,-0.46786,0.16927,0.31987,-0.96275
645,22085,-0.49556,-0.60771,0.3394,-0.03967,-0.83777
646,22087,-0.47347,-0.07738,0.41094,0.25861,-0.74233
647,22089,-0.50589,-0.54501,0.17631,0.26475,-0.13035
648,22093,0.6503,0.19612,-0.19626,0.53295,-0.23792
649,22095,-0.59541,-0.22081,0.58423,-0.01154,-0.82733
650,22097,-0.86866,-0.47535,0.12507,0.39359,-0.16921
651,22099,-0.05737,-0.20685,0.791,-0.65369,-0.63273
652,22101,-0.62532,-0.29234,0.53081,0.01753,-0.44191
653,22103,-0.18364,0.31097,-0.14211,-0.05949,0.25212
654,22105,-0.47849,0.08931,0.39012,-0.28846,0.00666
655,22109,-0.76995,-0.6615,0.15906,0.40488,-0.01654
656,22113,0.00202,0.3254,0.81587,-0.23714,-0.46053
657,22115,-0.4797,-0.05725,0.42277,0.16223,-0.30249
658,22117,-0.49834,0.10817,0.16338,0.01421,-0.44998
659,22119,-0.69936,-0.5136,0.45957,0.29428,-0.57429
660,22121,-0.56501,-0.25087,0.18722,0.05206,-0.89294
661,22127,-0.34718,0.28009,1.09182,-0.4502,0.32177
662,23001,-0.14392,-0.47748,-0.63408,0.91822,0.18476
663,23003,0.20412,-0.31146,-0.82435,0.7979,0.49914
664,23005,0.26331,0.6805,-0.74135,-0.29263,1.78501
665,23007,0.02905,-0.81715,-0.23533,1.66834,0.1734
666,23009,0.98064,0.98727,-0.44029,0.33653,0.99093
667,23011,0.40589,0.89122,-0.7703,0.41931,0.82446
668,23013,0.34295,0.8003,-0.43906,0.29958,0.77488
669,23015,0.21314,0.51541,-0.46619,0.41975,0.25249
670,23017,-0.25704,-0.30829,-0.37458,0.99933,0.21068
671,23019,0.24746,0.40318,-1.17974,0.39174,0.9373
672,23023,0.47052,0.4624,-0.6446,0.54617,0.63943
673,23025,0.42074,0.22951,-0.26795,0.64859,-0.26628
674,23027,0.2662,0.43612,-0.67853,0.6021,0.59182
675,23029,0.12506,0.13453,-0.27022,0.82359,0.04607
676,23031,0.08256,0.38233,-0.65183,0.87273,0.79493
677,24001,-0.34474,-0.32516,0.00317,0.32974,0.42305
678,24003,-0.4885,0.20538,0.14622,-0.18683,0.74915
679,24005,-0.54292,-0.43294,0.02923,0.17191,0.51165
680,24009,-0.5867,-0.29801,-0.13758,0.43849,0.35996
681,24011,-0.32987,-0.08404,-0.01331,0.43141,-0.56931
682,24013,0.03521,-0.16311,-0.39292,0.43396,0.46793
683,24015,-0.33376,-0.12617,0.01194,0.15846,0.22206
684,24017,-0.85502,-0.41506,0.18268,0.02223,0.17121
685,24019,-0.28758,-0.13167,0.03947,-0.03353,-0.28623
686,24021,0.12015,0.33129,-0.31481,0.0692,0.77784
687,24025,-0.65145,-1.17513,0.09075,0.55023,0.46765
688,24027,-0.095,0.49541,-0.49898,-0.59381,1.21037
689,24029,-0.10179,0.14279,0.10792,-0.82699,-0.38284
690,24031,-0.27889,0.16599,-0.54298,-0.52113,1.25915
691,24033,-0.73988,-0.11197,0.39239,-0.29174,0.41253
692,24035,-0.3023,0.06548,-0.0287,0.23856,-0.19627
693,24037,-0.60298,-0.50113,-0.12211,0.33493,0.59067
694,24039,-0.18361,0.05732,0.31711,-0.04153,-0.33723
695,24041,-0.2021,0.03771,-0.11559,-0.11806,-0.17826
696,24043,-0.68437,-1.21114,-0.25677,1.09495,0.4104
697,24045,-0.1275,-0.23967,-0.03467,-0.17048,0.3285
698,24047,-0.14506,-0.12913,-0.01189,-0.01074,0.57625
699,24510,-0.95194,-0.12412,0.07639,-0.23616,1.09535
700,25001,0.06417,-0.04014,-0.25139,0.42235,0.52597
701,25003,0.27039,0.66612,-0.67029,0.27463,1.32614
702,25005,-0.58551,-0.75247,-0.29903,0.87307,0.31932
703,25009,-0.63074,-0.93189,-0.37459,0.88923,0.20876
704,25011,0.45921,0.79363,-0.74613,0.30178,0.86677
705,25013,-0.75286,-0.7841,0.12558,0.59541,0.45487
706,25015,-0.05856,-0.27143,-0.52074,0.41576,1.41056
707,25017,-0.18735,0.22878,-1.00716,0.03259,1.372
708,25019,0.09,0.55581,0.23632,-0.1438,0.8223
709,25021,-0.44902,-0.2685,-0.35998,0.49125,0.35065
710,25023,-0.54308,-0.52886,0.04582,0.32173,0.39245
711,25025,-0.39809,0.18667,-0.29466,-0.07953,1.78041
712,25027,-0.57114,-0.98954,-0.76137,0.95382,0.07357
713,26005,0.43869,0.32501,-0.17817,0.43184,0.23891
714,26007,0.18381,-0.18238,0.16666,0.18074,-0.28493
715,26015,-0.21729,-0.24228,0.0946,0.72107,0.00451
716,26017,-0.18855,-0.75762,-0.32497,0.88057,0.35901
717,26021,-0.15165,0.10041,-0.29998,-0.12072,0.30079
718,26023,-0.23465,-0.61064,0.15151,0.77637,-0.54594
719,26025,-0.12337,-0.3293,-0.29374,0.11399,0.12314
720,26027,-0.22545,-0.92395,0.35312,0.65209,0.045
721,26033,0.02395,-0.77952,-0.81724,0.75425,-0.01469
722,26035,0.40463,-0.31738,0.48908,0.62832,-0.3601
723,26037,0.08736,-0.1906,0.14097,0.39861,-0.44786
724,26041,0.20659,-1.02799,-0.80288,1.14929,-0.39704
725,26045,0.07398,-0.65805,0.14032,0.56816,-0.24137
726,26047,0.24579,0.25579,-0.40706,0.19484,0.1749
727,26049,-0.89942,-0.76284,0.03486,0.04592,0.15629
728,26053,0.25203,-0.69213,-0.17325,0.54112,-1.36587
729,26055,0.66237,1.0299,-0.53179,-0.11686,1.39338
730,26057,0.18083,0.11784,-0.14458,0.37259,0.04292
731,26059,0.08861,-0.41834,-0.47979,0.48082,-0.29465
732,26061,0.57325,0.56685,-0.95997,-0.47789,0.4315
733,26065,0.04537,0.35753,-0.23744,-0.55755,0.9993
734,26067,0.08832,-1.1778,-0.55511,1.14139,0.14196
735,26073,0.25087,0.00111,-0.12853,0.07424,0.49944
736,26075,-0.21561,-0.4767,-0.20571,0.55663,0.08478
737,26077,-0.08146,-0.11846,-0.25715,-0.14615,0.91773
738,26081,0.21189,0.45842,-0.45847,-0.4588,1.0696
739,26087,-0.03128,-1.13573,-0.16508,0.9098,-0.07121
740,26091,0.08914,-0.00843,-0.03775,0.48186,-0.00881
741,26093,0.0007,-0.80169,-0.17146,0.78763,0.17981
742,26099,-0.605,-0.68595,-0.06804,0.52008,0.19824
743,26103,0.51459,-0.04378,-0.8538,0.28007,0.65271
744,26105,0.33702,-0.33674,-0.56185,0.41118,-0.31421
745,26107,0.17744,0.0241,-0.1869,0.07219,0.52535
746,26111,0.63662,0.34649,-0.17025,-0.05529,0.45677
747,26115,-0.15128,-0.44146,-0.31281,0.64996,0.21172
748,26117,0.49442,-0.47928,-0.02091,1.01889,-0.42713
749,26121,-0.53989,-0.58072,0.04477,-0.1182,-0.02998
750,26123,0.30933,-0.39739,-1e-05,0.58526,0.1134
751,26125,-0.26399,0.20137,0.08812,-0.3192,0.64464
752,26137,0.5835,0.07927,0.30276,-0.09382,-1.09363
753,26139,0.85097,0.07484,-0.41416,-0.02404,0.60751
754,26145,-0.58214,-0.74855,-0.4632,0.85559,0.07352
755,26147,-0.05323,-0.65306,-0.31625,0.96958,0.16835
756,26149,0.0488,-0.72474,-0.19839,0.97168,-0.23037
757,26151,0.30577,0.03787,0.05466,0.11666,-0.2791
758,26155,-0.02507,-0.9173,-0.26721,1.16833,0.01411
759,26157,-0.15929,-0.3701,-0.14114,0.83132,-0.22956
760,26159,0.36689,-0.52723,0.12713,0.66889,-0.15344
761,26161,-0.00222,0.27299,-0.89075,-0.34737,1.78639
762,26163,-0.96756,-0.24301,0.33445,-0.36089,0.74082
763,26165,0.10448,0.08928,-0.5202,0.34211,-0.1831
764,27003,-0.16663,-0.96639,0.06999,0.65404,-0.17727
765,27005,0.88548,0.15391,0.57974,-0.06481,-0.68669
766,27007,0.5425,-0.09065,-0.57569,0.46457,0.17937
767,27009,0.41765,0.31063,0.26271,0.1275,-0.15817
768,27013,0.27583,-0.17237,0.09272,-0.31073,0.18646
769,27015,0.37842,-0.08645,0.0397,0.46678,-0.61644
770,27017,0.13529,-0.25885,-0.26839,0.78963,-0.41276
771,27019,0.34211,-0.28429,-0.094,0.11035,-0.01316
772,27023,0.39454,-0.62964,0.04586,0.67153,0.67237
773,27025,-0.02299,-0.41788,0.291,0.66023,0.09389
774,27027,0.56353,0.05345,-0.51165,-0.00134,0.60102
775,27035,0.33256,0.10148,-0.30959,0.19186,0.59451
776,27037,0.25955,-0.1287,-0.07428,0.09234,0.18357
777,27041,0.49186,0.09425,-0.18814,0.16663,-0.4664
778,27047,0.17018,-0.10281,0.20945,0.61798,-0.16697
779,27049,0.03924,0.03916,-0.32672,0.24088,-0.09976
780,27053,0.18792,0.65742,-0.57417,-0.60642,1.88315
781,27059,0.53354,-0.04718,-0.1127,0.13101,-0.48815
782,27061,0.28324,0.3935,-0.17694,0.17747,-0.11093
783,27067,0.46146,-0.25924,0.31458,0.03624,-0.26213
784,27079,0.52435,-0.16373,0.38755,0.59347,-0.86849
785,27083,0.45626,0.05019,-0.25634,-0.11406,-0.70884
786,27085,0.86155,0.26801,-0.39897,0.39132,-0.52299
787,27093,0.71524,-0.22327,0.66853,0.19296,-0.90004
788,27095,0.0995,0.11187,-0.05106,0.47945,-0.12992
789,27099,0.02753,-0.55377,0.09172,0.5443,-0.38381
790,27103,0.75478,0.62971,0.2371,-0.22541,-0.27103
791,27105,0.62235,-0.37497,0.34063,-0.25496,-0.92235
792,27109,0.24633,0.1099,-0.69703,-0.04183,0.20426
793,27111,0.50808,-0.52384,-0.21586,0.74633,-0.20455
794,27113,-0.03855,-0.22372,-0.09451,0.15553,-0.91045
795,27119,0.35177,-0.56035,0.00064,0.38552,-0.6139
796,27123,0.1697,0.61999,-0.76806,-0.53678,1.57048
797,27127,0.73638,0.19483,0.30668,0.32442,-0.51917
798,27131,0.68664,0.63759,-0.85678,0.25787,0.19834
799,27135,0.73238,-0.0433,0.3433,0.0162,-1.19771
800,27137,0.50138,0.18765,-0.52576,-0.08745,0.76826
801,27139,0.23185,0.00975,-0.28799,0.19691,-0.23772
802,27141,0.33095,-0.34274,-0.00351,0.60141,-0.49392
803,27145,0.28809,-0.11923,-0.09647,-0.05956,0.40372
804,27147,0.41588,-0.02622,-0.4387,0.37056,-0.28121
805,27149,0.40701,0.39695,-0.0872,-0.04799,-0.39473
806,27163,0.31327,0.11705,-0.47309,0.15395,0.50798
807,27169,0.49748,0.09362,-0.17621,0.12451,0.30741
808,27171,0.4728,-0.3498,-0.3657,0.41486,-0.20336
809,28001,-0.70595,-0.305,0.2582,0.13061,-0.83774
810,28003,0.50808,0.60412,-0.09778,0.07767,0.22962
811,28011,-0.46659,-0.02707,0.32442,-0.02882,-0.72196
812,28013,-0.35703,0.23641,0.28268,0.01689,-1.2931
813,28017,-0.35293,0.09597,0.46565,-0.04823,-0.52358
814,28023,-0.32247,-0.09663,0.273,-0.03201,-1.20947
815,28025,-0.52682,0.0042,0.17229,0.41629,-0.96951
816,28027,-0.50955,-0.35603,0.14988,0.15396,-0.54777
817,28029,-0.32567,-0.00457,0.56033,-0.11072,-0.63417
818,28033,-0.36306,-0.13101,0.22462,0.14428,-0.366
819,28035,-0.31651,0.33958,0.15876,-0.61969,0.36227
820,28045,-0.56697,-0.33971,0.49093,0.31178,0.05948
821,28047,-0.70098,0.12777,0.27933,-0.23425,0.41434
822,28049,-0.55504,0.47789,0.43303,-0.50304,0.22351
823,28051,-0.42374,-0.22323,0.2534,-0.14406,-0.89799
824,28053,-0.58625,-0.12691,0.00257,0.13489,-0.87553
825,28057,0.16995,0.44135,0.09983,0.07293,-0.70492
826,28059,-0.53321,-0.17216,0.10212,0.01374,-0.021
827,28065,-0.27314,-0.02081,0.71082,-0.35424,-1.03314
828,28067,-0.32509,0.04558,0.1169,-0.16553,-0.43844
829,28071,0.0122,0.54354,0.11208,-0.26883,0.64536
830,28073,-0.00897,0.25158,0.4878,-0.21749,0.3334
831,28075,-0.42784,0.03878,0.15575,-0.30352,0.03539
832,28081,-0.00188,0.49206,0.25847,-0.26977,-0.37306
833,28083,-0.52064,-0.11835,0.52383,-0.31173,-0.46478
834,28085,-0.2677,-0.19853,0.5058,0.03425,-0.65261
835,28087,-0.13658,0.17997,0.20893,-0.00558,-0.21095
836,28089,-0.05232,0.80654,0.41429,-0.89571,-0.37588
837,28091,-0.07943,-0.21915,0.47093,0.04864,-0.24286
838,28095,-0.22894,0.22531,-0.17076,0.05963,-0.61638
839,28097,0.09247,-0.21235,0.45616,-0.06864,-0.52386
840,28099,0.03857,-0.40563,0.6597,0.01055,-0.33291
841,28101,-0.40422,-0.34286,0.43163,0.12349,-0.73929
842,28103,0.08176,-0.07698,0.33465,-0.21853,-1.02501
843,28105,0.24951,0.67346,-0.01709,-0.93352,0.24563
844,28107,-0.43381,0.10922,0.18112,-0.33402,-0.80369
845,28109,-0.37625,-0.58051,-0.06997,0.67823,0.11412
846,28113,-0.59257,-0.00718,0.07249,0.09994,-0.58935
847,28115,0.16174,0.50864,0.25843,0.06462,-0.61116
848,28117,0.63233,0.49555,0.44086,-0.38785,-0.79555
849,28121,0.01601,-0.85002,-0.44998,0.92576,0.2937
850,28123,-0.12888,0.39685,0.22147,-0.12436,-0.94969
851,28127,-0.31821,-0.07954,0.46766,0.14984,-1.19384
852,28133,-0.63091,-0.07086,-0.02064,0.19936,-0.56187
853,28137,-0.00554,0.40754,0.48762,-0.53722,-1.01835
854,28139,0.27538,0.03972,0.41099,-0.10412,-0.53247
855,28141,0.62789,0.24577,-0.11271,0.53526,-0.29358
856,28145,0.18092,0.54298,0.64262,-0.32179,-1.06359
857,28149,-0.56037,0.09658,0.08846,0.02066,-0.26572
858,28151,-0.65807,-0.18044,0.36172,0.13474,-0.63603
859,28153,-0.09514,-0.3018,0.44746,-0.40602,-0.91068
860,28159,-0.15744,0.0992,0.37971,0.09517,-0.86001
861,28161,-0.12153,-0.15061,0.00379,0.05745,-1.2726
862,28163,-0.08256,-0.18693,0.27358,-0.0352,-0.61918
863,29001,0.31235,0.15491,-1.0178,-0.01987,0.79701
864,29009,0.27762,0.47173,-0.27869,0.20174,-0.39367
865,29019,0.09853,0.76521,-0.61336,-0.60137,1.29295
866,29021,0.18211,0.73629,-0.24572,-0.52422,0.62406
867,29023,0.19238,-0.11464,-0.0999,0.18006,0.26753
868,29027,0.29241,0.55509,-0.39511,0.44687,0.07359
869,29029,0.71102,0.7968,0.00488,0.12716,-0.09707
870,29031,0.31579,0.58168,-0.17313,-0.32447,0.46052
871,29037,0.02772,-0.27463,-0.22312,0.67936,0.11174
872,29043,0.92546,0.68734,-0.19952,-0.24325,0.55006
873,29047,0.32177,0.34737,-0.24629,0.02358,0.44732
874,29051,0.26454,1.01625,-0.36732,-0.57389,0.40212
875,29069,-0.15423,-0.63077,0.22485,0.62946,-0.31566
876,29071,0.53709,0.34328,-0.4248,0.06334,0.17464
877,29077,0.63162,0.64373,-0.84859,-0.43824,1.30922
878,29083,-0.02402,0.17423,-0.05079,0.63868,-0.67627
879,29089,0.1929,0.51637,0.69883,-0.71757,-0.92927
880,29091,0.68829,0.63131,0.15761,-0.30803,-0.24167
881,29095,-0.16528,0.61798,-0.12337,-0.68352,1.10567
882,29097,0.34057,-0.17119,-0.18824,0.10484,0.78311
883,29099,0.17756,-0.53572,-0.55995,0.86094,0.34392
884,29101,-0.50746,-0.9655,0.61319,-0.00516,-0.09339
885,29107,0.23852,-0.10548,0.005,0.14698,-0.01669
886,29109,0.63941,0.17299,-0.04851,0.06402,-0.0753
887,29113,-0.05507,-0.74811,0.14641,1.18607,-0.50004
888,29121,-0.00629,0.27301,-0.05163,0.40708,-0.62189
889,29127,0.29993,-0.14531,-0.62904,0.64015,0.38794
890,29143,-0.10157,-0.59658,0.29096,0.3017,-0.61704
891,29145,0.17536,0.66852,-0.23917,0.06338,-0.53624
892,29147,0.51868,0.23814,-0.12082,0.20747,0.17892
893,29155,-0.57829,-0.75533,0.05971,0.40986,-0.70371
894,29159,-0.28352,-0.48406,-0.34196,0.6402,-0.03078
895,29161,0.52294,0.49836,-0.80703,-0.1596,0.61344
896,29165,0.40826,0.47914,-0.24511,-0.42339,0.27905
897,29167,0.96123,0.83999,0.20641,-0.49525,0.11058
898,29169,-0.24696,-0.03535,-0.50869,0.4627,0.08045
899,29175,-0.03677,0.12456,0.47431,0.40499,-0.2555
900,29177,0.42097,-0.04496,0.3508,-0.06555,-0.8221
901,29183,0.30986,0.53172,-0.25055,-0.18942,0.44683
902,29187,-0.1545,-0.5006,-0.43232,0.73723,0.12913
903,29189,-0.45992,-0.07418,-0.44479,-0.42341,0.84045
904,29195,-0.24533,-0.30552,0.45504,-0.30523,-0.61435
905,29201,-0.55465,-0.71029,-0.06525,0.26624,-0.34279
906,29207,0.10425,-0.00491,-0.10241,0.72841,-0.21843
907,29213,0.9752,0.86972,-0.0534,-0.36026,0.80052
908,29215,-0.07392,0.01491,0.37755,-0.16024,-0.28519
909,29221,0.25278,-0.08835,0.38957,0.32483,-0.77505
910,29225,0.58962,0.44202,-0.16654,-0.01878,-0.26664
911,29510,-0.42086,0.38785,0.07221,-0.56386,1.11084
912,30013,-0.10942,0.33963,-0.65424,0.32789,0.47792
913,30029,1.13328,1.25122,-0.47825,-0.50138,1.10519
914,30031,0.75616,1.1607,-0.90017,-0.7695,1.37641
915,30041,0.0802,-0.43924,0.20725,0.27194,-0.29854
916,30049,0.30673,1.13886,-0.79504,-0.3895,0.97673
917,30063,-0.15342,0.19172,-0.94945,0.17056,0.84084
918,30093,-0.42026,0.08614,-0.45927,0.35703,0.21567
919,30111,0.61496,1.11124,-0.79105,-0.79923,0.79542
920,31001,0.82074,0.63298,-0.19468,-0.48058,-0.66861
921,31019,0.62253,0.6435,-0.06939,-0.29177,-0.19831
922,31043,6e-05,-0.9843,0.18347,0.60883,-0.65919
923,31045,0.49891,0.0502,0.26792,-0.19896,-0.53749
924,31047,0.12791,-0.42023,-0.14321,0.57654,-0.52511
925,31053,0.58332,0.09563,0.22586,0.1962,-0.7987
926,31055,-0.04791,-0.39153,0.12985,-0.01136,0.58261
927,31067,0.04933,-0.69961,0.21368,0.63242,-1.0022
928,31079,0.20751,-0.33417,-0.09015,0.55894,-0.23536
929,31109,0.41718,0.6229,-0.62683,-0.5884,0.96934
930,31111,0.45448,0.15553,0.20234,0.32473,-0.37664
931,31119,-0.12869,-0.53965,-0.26943,0.91759,-0.25897
932,31131,0.2865,0.0762,0.53775,-0.06309,-0.52419
933,31141,0.67875,0.0083,-0.11841,-0.0531,-0.56249
934,31151,0.53656,-0.05821,0.2519,-0.4647,-0.48704
935,31153,0.1449,-0.23147,-0.34749,0.3478,-0.11512
936,31155,0.34607,-0.52734,0.32631,0.22368,-0.89382
937,31157,0.3107,-0.10887,-0.11385,-0.0489,-0.11222
938,31173,-0.30328,-1.07626,0.27344,0.66972,-0.74636
939,31177,0.15988,0.00975,0.63001,0.11012,-0.44798
940,31179,0.71003,-0.0546,1.09708,-0.5989,-0.81908
941,32001,0.20678,-0.49576,0.06839,0.11435,0.15256
942,32003,-0.48678,-0.74173,0.38579,0.00864,1.00384
943,32005,0.43491,0.88701,0.48008,-0.81756,-0.13212
944,32007,-0.35859,-0.85641,-0.22329,0.80399,0.17967
945,32019,-0.02599,-0.56822,-0.4909,0.90925,0.33947
946,32023,-0.07243,-0.57916,-0.35175,0.56935,0.63821
947,32031,-0.13482,-0.36342,-0.90732,0.20857,1.56852
948,32510,0.32836,0.32694,-0.40131,0.02342,0.98164
949,33001,0.33797,0.3395,-0.21717,0.50432,0.62547
950,33003,0.45547,1.04798,-0.13699,0.64615,0.29268
951,33005,0.128,0.31942,-0.64911,0.25824,1.0506
952,33007,0.43225,0.35039,-0.43353,0.40481,-0.03991
953,33009,0.20012,0.87259,-0.64375,0.05033,1.07454
954,33011,-0.06538,0.44665,-0.80093,0.03325,1.07756
955,33013,-0.13261,0.53303,-0.58991,-0.01151,1.00734
956,33015,0.16784,0.28266,-0.76819,0.26657,0.67915
957,33017,0.36359,0.46938,-0.79609,-0.13501,0.84464
958,33019,0.58672,0.12353,-0.14894,0.10022,0.20606
959,34001,-0.81013,-0.28076,0.49308,-0.13998,0.66712
960,34003,-0.58556,-0.21554,0.24462,-0.29729,0.74246
961,34005,-0.57082,-0.19878,0.10342,-0.37149,0.54941
962,34007,-0.92849,-0.46189,0.13048,-0.09039,0.78501
963,34009,0.05563,0.3425,0.36637,-0.13482,0.68998
964,34011,-0.74237,-0.69913,-0.09586,0.12102,0.35225
965,34013,-1.02142,0.10635,0.41714,-0.58411,0.85348
966,34015,-0.52847,-0.26434,0.2548,-0.12343,0.32861
967,34017,-0.73068,-0.28237,0.08085,-0.17841,1.19829
968,34019,0.22245,0.60986,-0.21918,-0.47567,0.76523
969,34021,-0.4173,0.49607,-0.29294,-0.74257,1.29673
970,34023,-0.6394,-0.39835,-0.02784,-0.00648,0.75551
971,34025,-0.37199,0.13402,0.26644,-0.31374,0.88636
972,34027,-0.28116,0.55846,-0.08074,-0.62119,1.15373
973,34029,-0.33445,-0.15363,-0.01863,0.11645,0.75674
974,34031,-0.94443,-0.55045,0.39718,-0.24866,0.21083
975,34033,-0.58101,-0.53486,0.37488,0.04356,-0.2191
976,34035,-0.19611,0.17493,-0.21299,-0.37549,0.9376
977,34037,-0.25644,-0.10928,-0.16581,0.05759,0.7676
978,34039,-0.73288,-0.37315,0.28993,-0.35097,0.66478
979,34041,0.12689,0.06761,-0.19817,-0.14385,0.46553
980,35001,0.16225,-0.01712,-0.75566,-0.16797,1.72172
981,35005,-0.04009,-0.8617,-0.34751,0.53306,0.3752
982,35007,-0.13396,0.28535,0.54632,-0.66668,-0.36275
983,35009,0.24408,-0.19671,-0.02862,-0.15591,-0.07072
984,35013,-0.14706,-0.84236,-0.59918,0.57347,0.95485
985,35015,-0.13233,-0.92629,-0.12103,0.19274,-0.38907
986,35025,-0.51816,-0.6531,0.09994,0.53824,-0.51164
987,35028,0.63463,0.36475,-0.23207,-0.05008,0.80919
988,35029,-0.5066,-1.40356,0.02148,0.84349,-0.65225
989,35031,0.19921,-0.35763,-0.302,-0.05543,0.25715
990,35035,0.21845,-0.06223,-0.19324,0.13978,0.25515
991,35043,0.1128,-0.15784,-0.28844,0.35421,0.70638
992,35045,0.4887,-0.60042,-0.67974,-0.00142,0.59027
993,35049,0.38911,1.11926,-0.70252,-0.08434,1.62301
994,35055,0.49836,0.88879,0.00153,-0.13068,0.59761
995,35061,-0.23334,-0.8646,0.10791,0.51282,-0.01864
996,36001,-0.41517,0.28595,-0.54712,-0.23164,1.3353
997,36003,-0.08722,0.24601,-0.52253,-0.16083,0.0758
998,36005,-1.02659,-0.64694,0.55495,0.00546,0.46367
999,36007,-0.27999,0.00267,-0.63628,0.05106,1.09212
1000,36009,-0.17178,-0.25847,-0.27392,0.45605,0.44682
1001,36011,-0.21427,-0.81082,-0.35801,0.9935,0.54688
1002,36013,0.01538,-0.28056,-0.57468,0.51309,0.62519
1003,36015,-0.58174,-0.66124,0.34567,0.62385,-0.10453
1004,36017,0.27009,0.41787,-0.37496,0.44979,-0.00912
1005,36019,0.03541,0.18296,-0.67291,0.72489,0.69358
1006,36021,-0.18989,0.42687,-0.3634,0.32595,0.749
1007,36023,-0.01922,-0.17939,0.03758,-0.01343,0.38928
1008,36025,0.22718,0.55014,-0.13117,-0.01217,0.42045
1009,36027,-0.46801,-0.39526,-0.45756,0.41183,1.33563
1010,36029,-0.75881,-0.31809,-0.15882,0.22833,0.95129
1011,36031,0.68513,1.01741,0.05721,-0.4046,0.14834
1012,36033,0.24139,0.17516,-0.13408,0.59148,0.29484
1013,36035,-0.50095,-0.23273,-0.08208,0.57037,-0.32931
1014,36037,-0.12525,-0.32459,-0.41316,0.99357,0.01786
1015,36039,0.11139,0.59213,-0.43263,-0.00815,0.69012
1016,36043,-0.51093,-0.4645,0.19229,0.71377,0.06863
1017,36045,-0.04724,0.22741,-0.26255,-0.07308,1.36083
1018,36047,-0.96184,-0.45491,0.10366,-0.20555,1.72918
1019,36051,0.17135,0.02636,-0.85216,0.60761,0.55927
1020,36053,0.21179,0.61976,-0.36277,-5e-05,0.566
1021,36055,-0.28928,0.30664,-0.65243,-0.13494,1.19582
1022,36057,-0.11899,-0.11453,-0.34164,0.61663,0.3481
1023,36059,-0.75404,-0.45894,0.22428,-0.01336,0.45156
1024,36061,-0.87763,-0.37804,0.46855,-0.25174,1.32706
1025,36063,-0.62635,-0.65598,0.04433,0.59203,0.39916
1026,36065,-0.46486,-0.32143,-0.28676,0.18428,0.60676
1027,36067,-0.12862,0.43998,-0.50847,-0.11626,1.29617
1028,36069,-0.23841,0.36721,-0.3203,0.15893,0.54627
1029,36071,-0.63906,-0.33923,0.13028,-0.14309,0.95314
1030,36075,-0.21439,-0.30075,-0.65,0.74021,0.65306
1031,36077,-0.07573,0.02304,-0.26984,0.26164,0.71268
1032,36079,-0.13822,-0.56689,0.09943,0.30548,0.09867
1033,36081,-1.05323,-0.53425,0.36169,0.02734,0.81295
1034,36083,-0.34372,0.19654,-0.99367,0.08909,0.94831
1035,36085,-0.87658,-0.8879,0.15395,0.52954,0.755
1036,36087,-0.35119,-0.05719,0.12518,-0.19011,0.6662
1037,36089,-0.24544,-0.19822,-0.94571,0.90158,1.02811
1038,36091,0.17929,0.53257,-0.58131,-0.0302,1.27374
1039,36093,-0.26733,-0.29582,-0.59026,0.1101,1.08595
1040,36099,-0.10018,-0.43729,-0.31646,0.61582,-0.43013
1041,36101,-0.24863,-0.70333,-0.53101,0.73176,0.29143
1042,36103,-0.85423,-0.83868,-0.14661,0.35666,0.91042
1043,36105,-0.11812,0.38734,-0.2173,0.18067,0.55989
1044,36107,-0.02381,-0.27312,0.02187,0.38768,0.08334
1045,36109,0.23378,0.36796,-1.07617,-0.40171,2.00955
1046,36111,-0.13711,-0.07567,-0.86401,0.53803,1.67718
1047,36113,0.07046,0.42785,-0.35414,0.28391,0.5502
1048,36115,-0.44139,-0.10251,-0.49421,0.89059,0.50375
1049,36117,-0.33438,-0.49448,-0.62434,0.83284,0.47964
1050,36119,-0.71591,-0.13062,0.20036,-0.43264,0.85466
1051,36121,0.0257,-0.33308,-0.34832,0.79968,-0.07938
1052,36123,0.01846,-0.09767,0.15458,0.20585,-0.81295
1053,37001,0.26239,0.37674,0.06199,-0.47034,0.49764
1054,37003,0.33361,-0.1952,-0.12678,0.32558,-0.62894
1055,37007,-0.29854,-0.42431,0.3471,-0.09138,-0.82926
1056,37013,-0.26955,-0.04514,0.18348,0.30924,-0.41015
1057,37017,-0.01241,-0.20241,0.15958,0.29519,-0.75248
1058,37019,0.11364,0.23344,0.10885,-0.04973,0.53336
1059,37021,0.42991,1.14364,-0.58101,-0.49374,1.80883
1060,37023,0.11288,0.54396,0.11788,-0.59629,0.44638
1061,37025,0.27824,0.37449,0.26113,-0.47432,-0.14405
1062,37027,0.07373,-0.21239,-0.12723,-0.03685,-0.16274
1063,37031,0.17699,0.65906,-0.12615,0.27276,0.51087
1064,37035,0.20829,0.61389,0.05464,-0.18097,0.14582
1065,37037,0.25127,0.54538,-0.05114,0.11679,0.6571
1066,37041,0.08008,0.01882,0.30683,-0.35239,-0.6679
1067,37045,0.12702,0.40219,0.09102,-0.21959,-0.35536
1068,37047,-0.30959,-0.20489,-0.31208,0.54771,-0.40116
1069,37049,-0.58681,-0.26927,-0.14997,0.28821,0.14532
1070,37051,-0.72957,-0.0884,0.40847,-0.21667,0.21148
1071,37055,0.30188,0.47212,-0.06944,0.11696,0.58279
1072,37057,0.13573,0.31891,0.07462,-0.04655,-0.19954
1073,37059,0.21251,-0.29718,0.20986,0.31577,-0.29515
1074,37061,-0.218,-0.40584,0.24412,0.0814,-0.72054
1075,37063,-0.2164,0.68361,-0.15415,-1.12322,1.31126
1076,37065,-0.38808,-0.50537,0.32739,0.1125,-0.7789
1077,37067,0.02388,0.31686,0.28338,-0.62134,0.04221
1078,37069,-0.30732,-0.34081,-0.22723,0.29028,-0.54902
1079,37071,-0.02506,0.28219,0.1539,-0.19342,0.09561
1080,37077,-0.62093,-0.17632,0.09371,-0.00966,-0.53178
1081,37081,-0.34127,0.34884,0.5335,-0.80119,0.59842
1082,37083,-0.5708,-0.3549,0.05721,0.48146,-0.51314
1083,37085,-0.19681,-0.33386,0.06157,0.24997,-0.55614
1084,37087,0.90045,0.9799,-0.35742,-0.02169,0.83363
1085,37089,0.77953,1.3906,-0.19831,-0.38903,0.68838
1086,37091,-0.2621,-0.00759,0.36007,-0.24995,-0.65783
1087,37093,-0.3265,-0.27109,0.10692,0.06647,-0.49647
1088,37097,0.63929,0.82647,0.46675,-0.56304,-0.30468
1089,37099,0.73008,0.55146,0.03381,-0.13654,0.58639
1090,37101,0.16245,-0.0255,0.31146,0.1071,-0.47849
1091,37105,-0.08117,-0.31034,0.35352,0.03681,-0.36064
1092,37107,-0.66206,-0.20644,0.36477,-0.24162,-0.66568
1093,37109,-0.19201,-0.23957,0.25128,0.4619,-0.63912
1094,37111,0.0398,0.36746,0.04751,0.34687,-0.02911
1095,37119,-0.086,0.94067,0.41386,-1.03421,0.91422
1096,37125,0.08516,0.22054,0.0715,0.15193,-0.04242
1097,37127,-0.39408,-0.39918,0.2416,-0.07502,-0.27625
1098,37129,0.35216,0.67532,-0.03492,-0.25316,1.28971
1099,37133,-0.68651,-0.42724,0.08755,0.34214,0.17846
1100,37135,0.36501,0.68626,-0.61547,-0.72451,1.73727
1101,37139,-0.35485,0.21642,0.45013,-0.29078,-0.01847
1102,37141,0.06146,0.40501,-0.22435,-0.26721,0.01394
1103,37145,-0.49295,-0.50401,0.19438,0.51651,-0.52175
1104,37147,-0.06194,0.21156,0.29087,-0.46437,0.22325
1105,37151,0.08394,-0.12811,-0.16606,0.50774,0.11612
1106,37153,-0.14535,0.40025,0.69172,-0.42163,-0.08232
1107,37155,-0.06421,-0.06272,0.41665,0.1835,-0.37163
1108,37157,-0.19945,-0.29304,0.01163,0.27512,-0.25511
1109,37159,0.17913,0.35744,-0.03986,-0.16098,-0.09169
1110,37161,0.55585,0.29534,-0.06142,0.07387,0.33507
1111,37163,-0.60816,-0.80725,-0.06969,0.5723,-0.72232
1112,37165,-0.51832,-0.4559,0.33317,0.31031,-0.26702
1113,37167,-0.06789,-0.0785,0.10786,0.02674,-0.33067
1114,37169,0.68213,0.24298,0.50776,0.12371,-0.97729
1115,37171,0.79386,0.21609,-0.10014,0.26759,-0.26394
1116,37175,0.69798,0.84459,0.16509,-0.46625,0.1754
1117,37179,0.10373,-0.12211,0.39371,-0.07514,-0.31036
1118,37181,-0.45962,-0.25085,0.01364,-0.02739,-0.53349
1119,37183,0.06014,0.85105,-0.14325,-0.97215,0.98954
1120,37189,0.87217,0.38601,-0.31152,-0.02342,1.3966
1121,37191,-0.31256,-0.49839,0.30477,-0.1159,-0.13082
1122,37193,0.14898,0.39091,-0.22364,-0.30867,-0.07569
1123,37195,-0.30686,-0.16561,0.32238,-0.01898,-0.66493
1124,38003,-0.03227,-0.32782,0.16445,0.02407,-0.71269
1125,38015,0.44841,0.74584,-0.64754,-0.52144,0.40618
1126,38017,0.1658,-0.07333,-0.50013,-0.00981,0.80279
1127,38035,0.2972,0.2524,-0.67788,-0.12299,0.25889
1128,38079,-0.08557,-1.0089,-0.14403,0.76037,-0.49677
1129,38089,-0.0552,0.10025,-0.0034,0.20531,-0.26297
1130,38101,0.20205,0.10097,-0.54714,0.19194,0.1104
1131,38105,0.20184,0.33688,-0.01426,0.10005,-0.68119
1132,39001,-0.1398,-0.36287,0.40366,0.64111,-0.21591
1133,39003,0.09686,-1.09432,0.05602,1.34811,0.42718
1134,39005,0.23999,0.03014,0.09575,0.21078,0.04756
1135,39007,-0.5019,-1.1708,-0.04771,0.89395,-0.16437
1136,39009,0.19527,-0.24287,-0.16874,0.08347,1.25876
1137,39011,-0.20175,-0.40796,0.22801,0.51395,-0.52727
1138,39013,-0.45921,-0.83507,-0.4613,1.0122,-0.31577
1139,39015,-0.08093,-0.28711,0.44214,0.45626,-0.56767
1140,39017,0.01121,-0.11867,-0.10967,0.08721,0.55616
1141,39019,-0.25119,-0.88809,0.13309,0.78555,-0.2676
1142,39021,0.34418,-0.48042,0.37522,0.31002,0.41898
1143,39023,-0.24809,-0.47944,-0.18161,0.26964,0.35011
1144,39025,0.27142,-0.12305,-0.30957,0.75377,0.16742
1145,39027,-0.17541,-0.72659,0.26155,0.4694,0.02867
1146,39029,-0.2761,-0.67837,-0.46424,1.25557,0.02863
1147,39031,0.13557,0.33443,-0.06444,0.11134,-0.87431
1148,39033,-0.36746,-0.21158,-0.35612,1.0715,-0.25117
1149,39035,-0.65103,0.10739,0.32621,-0.53016,0.79681
1150,39037,0.44583,0.34053,0.11252,-0.01198,-0.38116
1151,39039,0.13324,-0.54287,-0.21994,0.79286,-0.32273
1152,39041,0.45344,0.44692,-0.22559,0.05292,0.37737
1153,39043,-0.37973,-0.62035,0.3684,0.24843,-0.15504
1154,39045,-0.16361,-0.8244,0.29281,0.61714,-0.11438
1155,39047,-0.47801,-0.55821,-0.50087,1.3123,-0.90108
1156,39049,-0.25886,0.35498,-0.05705,-0.56321,1.00794
1157,39051,0.21319,-0.15066,-0.05703,0.46209,-0.31473
1158,39053,0.03689,0.0295,-0.02474,0.21022,-0.40727
1159,39055,0.3011,-0.38133,0.04544,0.59082,-0.11449
1160,39057,-0.02664,-0.1481,0.29838,-0.13395,0.45611
1161,39059,-0.18877,-0.09371,0.08684,0.37144,-0.44615
1162,39061,-0.2165,0.3343,0.27226,-0.55693,0.92126
1163,39063,0.32284,0.44174,-0.4052,-0.07979,-0.40054
1164,39065,0.32921,-0.14688,-0.02294,0.54864,-0.38905
1165,39069,0.04715,-0.5972,0.28546,0.51304,-0.27278
1166,39071,0.05505,-0.55197,-0.02339,1.01915,-0.25011
1167,39073,0.00088,-0.06476,-0.02406,0.40056,-0.57796
1168,39077,0.14082,-0.76221,0.12761,0.9945,-0.32796
1169,39079,0.00926,-0.42998,0.15275,0.63681,-0.62568
1170,39081,-0.3031,-0.89316,-0.17588,0.8973,0.1101
1171,39083,0.46495,0.26409,-0.50765,0.47418,0.26468
1172,39085,-0.39324,-0.67899,0.28101,0.51467,-0.38797
1173,39087,-0.28438,-0.86584,0.01656,1.22007,-0.05294
1174,39089,-0.04175,-0.34705,-0.21064,0.87632,0.04123
1175,39091,0.02183,-0.18869,0.09306,0.85023,-0.26349
1176,39093,-0.50102,-0.90292,0.07968,0.69768,0.08574
1177,39095,-0.49059,-0.03482,0.00297,-0.23,0.48024
1178,39097,-0.16874,-0.32348,0.13926,0.71518,-0.46839
1179,39099,-0.81049,-0.62307,0.33623,0.22197,-0.18325
1180,39101,-0.3008,-0.32043,-0.12309,0.84471,-0.03487
1181,39103,-0.04335,-0.39439,-0.10166,0.61111,0.14798
1182,39107,0.03239,-0.37051,-0.16574,0.70318,-0.49095
1183,39109,-0.10316,-0.37,-0.33195,0.71835,0.36712
1184,39113,-0.28015,0.03804,-0.15844,-0.30442,0.81592
1185,39119,-0.12551,-0.56263,0.00658,1.0244,-0.49969
1186,39123,0.0563,-0.48699,0.37499,0.86863,-0.3785
1187,39125,0.05011,-0.20569,0.59858,0.19752,-1.09118
1188,39127,0.01956,-0.79235,0.11135,0.75871,-0.11611
1189,39129,0.13624,-0.61384,0.08656,0.51473,-0.01123
1190,39131,0.33083,-0.61818,-0.00488,0.79146,-0.01668
1191,39133,-0.07451,-0.6034,0.0024,0.5148,0.90619
1192,39135,0.07832,-0.44682,0.25527,0.4643,-0.40735
1193,39137,0.30082,-0.31138,0.36436,0.39374,-0.93255
1194,39139,-0.44001,-0.66372,0.41045,0.26279,-0.05344
1195,39141,-0.05965,-0.6594,-0.24604,0.98989,0.23387
1196,39143,-0.41258,-0.94414,0.06236,0.94389,-0.46302
1197,39145,-0.10115,-0.61248,-0.51028,0.90237,-0.0392
1198,39147,-0.13844,-0.29372,0.03262,0.28461,-0.16744
1199,39149,0.07769,-0.43278,-0.44459,0.37351,-0.2008
1200,39151,-0.23837,-0.41587,0.03349,0.23722,0.0429
1201,39153,-0.63692,-0.1794,0.24745,-0.17519,0.49162
1202,39155,-0.7203,-0.87109,-0.07594,0.77124,0.04372
1203,39157,0.10177,-0.2289,-0.54523,0.58357,-0.02283
1204,39159,0.41636,0.31056,-0.20535,0.31337,0.06671
1205,39161,0.22253,-0.24928,0.32405,0.32872,-0.49782
1206,39165,0.19134,0.12762,0.07107,0.07071,-0.08358
1207,39167,-0.13153,-0.46036,0.08684,0.51625,0.08244
1208,39169,0.24981,-0.44116,-0.13322,0.72797,0.20878
1209,39171,0.50233,-0.43069,0.10723,0.66068,-0.63314
1210,39173,0.19518,0.06041,-0.06179,0.09995,0.64046
1211,39175,0.55469,-0.48528,0.03218,0.68092,-0.63856
1212,40009,0.10036,-0.14469,-0.22536,0.48311,-0.93632
1213,40013,-0.12039,-0.41582,-0.10605,0.42172,0.24041
1214,40015,0.23271,-0.45007,0.15025,0.50436,-0.32334
1215,40017,0.17163,-0.45154,-0.03787,0.4998,0.04154
1216,40019,-0.12915,-0.85834,-0.04855,0.54548,-0.72119
1217,40021,0.30613,0.13993,-0.15252,0.17171,0.31684
1218,40027,0.30054,0.32261,-0.20466,-0.32994,0.8659
1219,40031,-0.39613,-0.70899,0.06063,0.16683,-0.11895
1220,40035,0.25175,-0.16249,0.28737,0.34747,-0.92935
1221,40037,-0.0256,-0.40182,-0.08094,0.77535,0.11232
1222,40039,0.35809,0.08721,-0.07613,-0.08086,-0.35937
1223,40041,-1.18654,-1.55055,0.22138,0.11237,0.14497
1224,40047,0.44257,0.50934,-0.34926,-0.21479,0.01733
1225,40049,0.60337,-0.12952,0.37485,0.35703,-0.55132
1226,40051,0.06054,-0.20694,0.01386,0.40809,-0.6685
1227,40065,0.08089,-0.12412,0.03082,-0.29466,-0.46722
1228,40071,0.21343,-0.36796,-0.11643,0.39966,-0.4198
1229,40073,0.2555,-0.19686,0.43338,-0.11516,-0.75703
1230,40079,0.14694,-0.25563,0.00487,0.53757,-0.41526
1231,40081,0.15548,-0.14862,-0.08151,0.71186,-0.36541
1232,40083,0.06057,-0.18477,0.27806,-0.21265,-0.13778
1233,40087,0.16274,-0.16638,0.45879,0.42338,-0.66333
1234,40089,-0.26443,-0.26575,0.24894,0.39927,-0.34666
1235,40091,0.42583,-0.12074,0.24517,0.24418,-0.30664
1236,40097,0.27342,-0.6491,-0.06295,0.48003,-0.11793
1237,40101,-0.29795,-0.22538,0.0711,0.2286,-0.17019
1238,40109,0.52051,0.82481,-0.03178,-0.78026,0.80992
1239,40111,0.01639,-0.11009,-0.27184,0.59971,-0.7382
1240,40113,0.40028,-0.39752,0.33694,0.4707,-0.17956
1241,40115,0.2014,0.10756,0.10171,0.21172,-0.35728
1242,40119,0.89556,0.70353,0.03445,-0.71455,0.51424
1243,40121,0.14449,-0.46938,-0.06688,0.76445,-0.60967
1244,40123,0.66394,0.25578,0.05662,-0.16733,0.09003
1245,40125,0.492,0.24233,-0.10175,-0.12257,0.26602
1246,40131,0.31518,-0.29044,0.22517,0.57922,-0.06808
1247,40133,-0.25344,-0.5339,0.02538,0.70177,-0.48343
1248,40135,0.08982,-0.35441,-0.25612,0.77247,-0.22047
1249,40137,0.15009,-0.35613,0.03925,0.6874,0.14395
1250,40139,0.2583,-0.1582,0.13014,0.19561,-0.77291
1251,40143,0.41126,0.61401,-0.18278,-0.47223,1.04576
1252,40145,0.24509,-0.63265,0.02671,0.72155,-0.37867
1253,40147,0.80621,0.74602,-0.56399,0.12308,0.35084
1254,40151,0.11822,0.22838,0.39892,-0.47828,-0.81894
1255,40153,0.00793,0.09643,0.32818,0.50185,-0.30434
1256,41003,0.65146,0.48436,-0.45595,-0.57313,1.29888
1257,41005,0.31768,-0.25338,-0.21396,0.25584,0.82872
1258,41007,0.53964,0.72236,-0.18017,0.19493,0.91638
1259,41009,-0.37913,-0.68351,-0.70749,1.01565,-0.31773
1260,41011,-0.11074,-0.72163,-0.79494,1.11511,0.61687
1261,41017,0.82761,1.03451,-0.70194,-0.63526,1.35901
1262,41019,0.16027,-0.85899,-0.45074,1.05173,0.90109
1263,41027,0.49713,0.79153,0.13307,-0.217,1.24659
1264,41029,0.55127,0.21019,-0.60643,-0.20633,1.7666
1265,41031,-0.24025,-0.03834,-1.23496,0.29461,0.92035
1266,41033,0.4165,-0.17536,-0.74924,0.43933,1.06505
1267,41035,0.36927,0.28465,-0.72064,-0.13895,0.35403
1268,41039,0.36227,0.19809,-0.68117,-0.41775,1.82448
1269,41041,0.28669,0.31762,-0.23817,0.09393,0.76372
1270,41043,0.31151,-0.7203,-0.16117,1.33791,0.0902
1271,41045,-0.27208,-1.18037,0.12504,0.93524,-0.17947
1272,41047,0.13495,-0.55122,-1.03164,0.38873,1.02211
1273,41051,0.09066,0.52695,-0.91045,-0.34361,2.30409
1274,41053,0.24943,-0.16783,-0.43957,0.21998,0.46936
1275,41059,-0.04118,-0.99928,-0.53896,1.13935,0.09356
1276,41061,0.72502,0.13148,-0.3717,0.38311,0.74677
1277,41067,0.024,-0.35446,-0.86411,0.21381,0.77781
1278,41071,0.49534,-0.03833,-0.41991,0.27689,1.19086
1279,42001,0.18946,0.25666,-0.62595,0.45972,0.39373
1280,42003,-0.58706,-0.49632,-0.07121,0.25541,0.89235
1281,42005,0.28906,-0.22369,-0.49236,0.8256,-0.28276
1282,42007,-0.6889,-0.65746,0.15123,0.24178,-0.14092
1283,42009,0.10075,-0.45944,-0.11511,0.36007,-0.63004
1284,42011,-0.20762,-0.21685,-0.24676,0.22282,0.50444
1285,42013,-0.14476,-0.10027,-0.42041,0.79324,0.67698
1286,42015,-0.26058,-0.49334,-0.44444,0.82913,-0.27036
1287,42017,-0.28418,0.06433,-0.59462,0.36173,0.71964
1288,42019,0.06534,-0.57101,-0.54032,0.82016,0.28631
1289,42021,-0.22991,-0.12024,-0.68614,0.68898,0.17234
1290,42025,-0.27975,-0.22328,-0.73777,0.82365,-0.17377
1291,42027,0.13634,0.11419,-0.53055,-0.38592,1.27558
1292,42029,-0.11928,0.16485,-0.02352,-0.23444,0.63165
1293,42031,-0.03841,-0.29503,0.1357,0.74714,0.2375
1294,42033,0.16439,-0.5765,-0.38237,0.74646,0.27628
1295,42035,-0.18668,-0.22244,0.42129,0.27627,-0.25663
1296,42037,-0.25218,-0.41,0.03321,0.46433,0.29498
1297,42039,-0.03566,-0.30084,-0.37383,0.26085,0.37446
1298,42041,0.07017,0.35415,-0.25134,0.00863,0.63792
1299,42043,-0.17467,0.57978,-0.35013,-0.48141,0.93313
1300,42045,-0.98833,-0.5053,0.41014,-0.19555,0.40127
1301,42049,-0.54497,-0.32836,-0.47323,0.45349,0.59548
1302,42051,-0.58073,-0.884,-0.20145,1.21158,-0.04951
1303,42055,0.12647,-0.09857,-0.4992,0.39743,0.36911
1304,42059,0.02087,-0.1241,-0.06967,0.452,-0.40232
1305,42061,0.00229,-0.35336,-0.37305,0.70508,0.01112
1306,42063,-0.20051,-0.2898,-0.17228,0.23085,0.32994
1307,42065,-0.15321,-0.22353,-0.2396,-0.1408,-0.59123
1308,42069,-0.22442,-0.39788,-0.73312,0.52198,1.14933
1309,42071,0.43327,0.5878,-0.62987,-0.29023,1.22493
1310,42073,-0.49662,-0.78703,0.20206,0.72739,-0.255
1311,42075,0.37963,0.12886,-0.67679,0.44058,0.32278
1312,42077,-0.28412,0.10863,-0.18194,-0.13242,0.81091
1313,42079,-0.46799,-0.62372,-0.66526,0.9091,0.5385
1314,42081,-0.33175,-0.1655,-0.76454,0.2161,0.55058
1315,42083,0.10335,0.09746,-0.02756,0.25017,-0.55621
1316,42085,-0.41134,-0.40275,0.01508,0.41328,0.0296
1317,42087,0.55819,0.25673,-0.14306,0.21078,-0.61733
1318,42089,-0.30393,-0.41563,0.45815,0.0806,0.2862
1319,42091,-0.21848,0.2192,-0.25933,-0.0643,0.55581
1320,42095,-0.14038,-0.24164,-0.30519,0.3529,0.69572
1321,42097,-0.09573,-0.54958,-0.59961,1.07292,0.4547
1322,42099,0.11364,-0.18607,0.02304,0.2905,-0.2304
1323,42101,-0.90405,0.01243,0.12029,-0.39798,1.22122
1324,42107,-0.18578,-0.5676,-0.60879,1.24706,0.21391
1325,42109,0.45509,0.2427,-0.12532,0.20169,-0.113
1326,42111,-0.15117,-0.28648,-0.56195,0.99921,0.17528
1327,42117,0.34498,0.4535,-0.28682,0.45138,0.05431
1328,42119,0.62235,0.614,-0.47627,-0.12836,0.07678
1329,42121,0.07878,-0.67728,-0.12216,0.74013,0.0158
1330,42123,0.22475,-0.21941,-0.20747,0.30088,-0.20634
1331,42125,-0.23942,-0.50982,0.03318,0.62301,-0.03193
1332,42127,0.37983,-0.18099,-0.0218,0.23088,0.19243
1333,42129,-0.29813,-0.17394,-0.17494,0.29739,0.20315
1334,42133,-0.08651,0.11507,-0.40551,0.19603,0.55958
1335,44001,-0.3145,-0.31436,-0.43426,0.47529,0.83593
1336,44003,-0.76091,-0.6813,-0.86968,1.02862,0.31808
1337,44005,-0.17047,-0.07102,-0.21088,0.24826,0.74132
1338,44007,-0.78796,-0.61657,-0.00745,0.1113,0.84684
1339,44009,-0.13716,-0.61425,-0.08632,0.59928,0.61559
1340,45001,0.1474,-0.05457,0.57052,-0.27556,-0.99858
1341,45003,-0.32466,0.48464,0.07521,-0.49527,0.13869
1342,45007,0.44319,0.7466,0.22049,-0.64114,0.06156
1343,45011,-0.43788,-0.25158,0.16829,-0.00412,-0.84143
1344,45013,0.03485,0.82359,0.02265,-0.36117,0.59902
1345,45015,-0.40135,-0.50793,0.05711,0.04071,-0.16158
1346,45019,0.09204,1.07892,0.05234,-0.82324,1.34939
1347,45021,-0.36831,-0.15314,0.75227,0.20689,-1.12737
1348,45023,-0.09343,-0.4297,0.38033,0.14382,-0.74327
1349,45025,-0.45575,-0.61398,0.23352,0.58044,-0.33364
1350,45027,-0.19241,-0.44673,0.49511,0.27994,-0.65733
1351,45029,-0.70345,-0.42266,0.36979,-0.23248,-0.49238
1352,45031,-0.24188,0.2365,0.09347,0.09492,-0.52051
1353,45033,-0.56475,-0.30301,0.08741,0.21303,-0.95078
1354,45035,-0.14426,-0.27097,0.09839,0.07728,-0.09048
1355,45041,-0.4894,0.06295,0.07491,-0.28168,-0.00024
1356,45043,-0.36627,-0.09069,-0.07378,0.05337,0.39582
1357,45045,0.21917,1.02765,0.0371,-0.98596,0.80604
1358,45047,-0.34431,0.03199,-0.0021,-0.08881,-0.25479
1359,45049,-0.3788,0.25497,0.21994,-0.20051,-0.94528
1360,45051,-0.20297,-0.07978,0.39458,-0.0521,0.57494
1361,45053,-0.40091,-0.37578,0.30929,-0.28633,-0.67383
1362,45055,-0.50429,-0.47513,0.29763,0.56285,-0.39955
1363,45057,-0.39394,-0.16186,0.15732,-0.07297,-0.37
1364,45059,-0.46453,0.00094,0.37747,-0.03834,-0.37922
1365,45063,-0.06304,0.02588,-0.0321,-0.25564,0.15448
1366,45067,-0.36839,-0.2756,0.40114,0.24946,-0.82844
1367,45069,-0.61852,-0.15953,0.09122,-0.32153,-0.88261
1368,45071,-0.10495,0.3131,0.54045,-0.38163,-0.54608
1369,45073,0.19128,0.56635,-0.14051,-0.31692,0.17611
1370,45075,-0.31104,0.08761,0.53389,-0.2195,-0.30767
1371,45077,0.61404,0.49891,0.03847,-0.57495,0.4697
1372,45079,-0.21633,0.82714,0.3602,-1.10896,0.62054
1373,45083,-0.16472,0.42852,0.36583,-0.42805,0.11496
1374,45085,-0.66667,-0.10706,0.07619,-0.27597,-0.17521
1375,45087,-0.42324,-0.4325,0.20809,0.37538,-0.74162
1376,45089,-0.50298,-0.12269,0.71077,-0.02267,-0.56979
1377,45091,-0.0228,0.23858,0.25955,-0.43875,0.18614
1378,46011,0.93246,0.26982,-0.34129,-0.2854,0.29601
1379,46013,0.55518,0.08229,-0.45297,0.12748,-0.17597
1380,46027,0.23059,-0.14156,-0.18119,0.19894,0.13912
1381,46029,0.51252,-0.06695,-0.05279,0.47776,-0.56575
1382,46035,0.81745,0.53575,0.29339,-0.36994,-0.87871
1383,46065,-0.02827,-0.69194,-0.37472,0.73312,0.20038
1384,46079,1.10769,0.58211,0.11138,-0.40448,-0.67465
1385,46081,0.69458,0.25945,0.10438,-0.27407,0.17177
1386,46083,0.74031,0.36945,0.8491,-0.00011,-0.97411
1387,46099,0.72471,0.86966,-0.3101,-0.44021,0.45195
1388,46103,-0.1117,-0.67791,-0.8979,0.57433,1.14113
1389,46113,-0.02109,-0.28534,-0.2228,0.29729,-0.22548
1390,46127,0.16944,0.15841,0.10639,0.31701,-0.33347
1391,46135,0.01558,0.08258,-0.29294,-0.05138,-0.80422
1392,47001,-0.06544,0.19327,-0.46887,0.29956,0.31703
1393,47003,-0.29049,-0.28447,0.07988,0.27727,-0.48838
1394,47009,0.41972,0.25433,0.10263,0.03668,0.19844
1395,47011,1.04843,0.54146,-0.19964,-0.1959,0.73555
1396,47013,-0.07205,-0.25284,0.16909,0.35476,-0.66436
1397,47017,0.23255,-0.33702,0.28849,0.87277,-0.06649
1398,47019,0.39985,0.1316,-0.28511,0.29696,0.03644
1399,47021,0.49702,0.51427,0.01074,-0.21145,-0.06363
1400,47023,0.60296,0.25186,-0.25672,-0.05104,-0.13791
1401,47025,0.23013,0.05139,-0.14527,0.61585,-0.40652
1402,47029,-0.12619,-0.30264,-0.00012,0.51246,-0.75327
1403,47031,0.12296,0.17956,-0.30693,0.21019,0.16659
1404,47035,0.93761,0.61766,-0.13351,-0.22566,0.12428
1405,47037,0.7484,0.86432,0.2354,-0.66467,1.38991
1406,47043,0.34538,-0.5708,-0.36953,1.00444,-0.70866
1407,47045,0.29473,0.41742,0.26348,-0.10622,-0.59794
1408,47047,0.03036,0.52921,-0.29444,-0.09455,-0.40503
1409,47051,-0.02804,-0.0546,-0.12565,0.32473,0.29751
1410,47053,-0.15004,-0.28651,-0.07797,0.62179,-0.12629
1411,47055,0.02274,0.38196,0.09582,0.29798,-0.47301
1412,47059,0.12332,0.16603,-0.14865,0.07401,-0.29423
1413,47063,0.70828,0.55375,0.15297,-0.2099,-0.10363
1414,47065,0.18606,0.62636,-0.09878,-0.52488,1.01816
1415,47069,0.19842,0.35365,0.63431,-0.20818,-0.67497
1416,47071,0.41102,-0.12822,0.53593,-0.00789,-0.48265
1417,47073,0.24423,-0.13818,0.06424,0.90754,-0.27412
1418,47075,0.21595,0.1035,0.68707,-0.4616,-0.65861
1419,47077,-0.39788,-0.24799,0.224,0.35664,-0.24516
1420,47079,0.20105,0.10226,0.19596,0.39009,-0.42743
1421,47085,0.19447,-0.67185,0.29097,0.82734,-0.31142
1422,47089,0.40845,0.54309,0.1017,-0.25438,0.28355
1423,47093,0.39049,0.61555,-0.06411,-0.36212,0.83663
1424,47097,-0.32208,-0.11392,0.17077,0.21396,-0.43517
1425,47099,0.56784,0.33103,-0.18672,0.21772,-0.17206
1426,47103,-0.25725,-0.06905,0.54583,0.11369,-0.70327
1427,47105,0.34768,0.17408,-0.10757,0.25495,0.1472
1428,47107,0.61159,0.30226,-0.24541,0.00673,-0.00274
1429,47109,0.35473,-0.07574,0.46887,0.62719,-0.64115
1430,47113,-0.14483,0.49924,-0.05731,-0.52561,0.19621
1431,47115,0.08232,-0.03964,-0.26963,0.1342,0.02055
1432,47117,-0.06871,-0.20507,0.51342,0.06896,-0.65637
1433,47119,0.42001,0.56587,-0.04099,-0.06818,0.25921
1434,47123,0.26887,0.04539,-0.04166,0.33653,-0.57244
1435,47125,-0.26261,0.23449,0.14967,-0.36349,0.23823
1436,47129,0.12806,-0.17602,0.27647,0.56258,-0.8531
1437,47131,0.08398,0.03021,0.03076,0.22449,-0.73813
1438,47141,0.63767,0.33843,-0.57144,-0.05959,0.50094
1439,47143,0.55533,0.13643,-0.34114,0.43282,-0.11524
1440,47145,0.19112,-0.57756,0.15437,0.78256,-0.36932
1441,47147,0.14685,0.0908,0.18908,0.17474,-0.29151
1442,47149,0.26314,0.23173,0.25041,-0.41135,0.55412
1443,47155,0.92296,0.52271,-0.05467,0.28229,0.58642
1444,47157,-0.53856,0.32345,0.5061,-0.64544,0.47894
1445,47163,0.4146,0.19107,-0.36758,0.39816,0.38443
1446,47165,-0.25542,-0.17567,0.3272,-0.12535,0.08216
1447,47167,-0.08473,-0.32621,-0.04104,0.49956,-0.13296
1448,47179,0.44892,0.4766,-0.45052,0.07438,0.96466
1449,47183,0.02593,0.16342,0.08643,-0.15402,-0.05999
1450,47187,1.41446,1.46166,0.11252,-0.82168,1.08242
1451,47189,0.12888,-0.81259,-0.39158,0.55428,0.48381
1452,48001,-0.43008,-0.47229,-0.03163,0.06955,-0.46148
1453,48005,-0.60768,-0.9067,0.36647,0.09292,-0.44788
1454,48007,-0.10187,-0.45822,-0.1652,0.23029,0.01294
1455,48013,-0.27846,-0.98381,-0.26293,1.1059,-0.11332
1456,48015,-0.09895,-0.40573,0.69505,0.34989,-0.58327
1457,48021,-0.09319,-0.39071,-0.0202,0.13034,0.00102
1458,48025,-0.09544,-0.78692,-0.29452,0.92843,-0.40014
1459,48027,-0.61994,-0.35099,0.19183,-0.51693,0.39602
1460,48029,-0.21838,-0.39495,-0.16715,-0.01024,1.15946
1461,48037,-0.40819,-0.33831,0.30592,-0.07218,-0.03877
1462,48039,-0.51376,-0.66804,0.15095,0.02739,-0.22043
1463,48041,0.15178,0.12837,0.00094,-0.42396,0.44545
1464,48043,-0.13709,0.0401,0.25326,0.06049,-0.31085
1465,48049,-0.05468,-0.64417,-0.51126,0.70176,0.47269
1466,48051,-0.28435,-0.37722,0.13268,0.45696,-0.7287
1467,48053,0.46376,0.54442,-0.03192,-0.04074,0.31201
1468,48055,-0.23365,-0.94605,-0.07068,0.552,-0.38281
1469,48057,-0.01118,-0.6989,-0.01293,0.60126,-0.60637
1470,48061,-0.17403,-1.52955,-0.58834,0.85492,0.40673
1471,48067,-0.09016,-0.09618,0.39583,0.12245,-0.31972
1472,48071,-0.0957,-0.3811,0.34144,0.28964,-0.30378
1473,48073,-9e-05,0.19326,-0.14,-0.16734,-0.0163
1474,48083,-0.54734,-0.75364,-0.39948,0.43296,-0.4804
1475,48085,-0.03443,0.09615,0.00363,-0.28183,0.45879
1476,48089,0.43966,-0.19365,0.74751,-0.4991,-0.30183
1477,48091,0.03263,-0.38312,0.07797,0.17952,0.54681
1478,48097,-0.07211,-0.09217,0.01784,0.36879,-0.57674
1479,48099,-0.58129,-0.7794,-0.32432,0.09251,0.47805
1480,48113,-0.29854,0.25857,0.20765,-0.66814,1.20115
1481,48117,-0.30037,-1.18813,-0.84672,1.23015,-1e-05
1482,48121,0.01936,-0.13602,-0.28681,-0.08825,0.96954
1483,48123,-0.83725,-0.93277,-0.35914,0.86085,-0.90636
1484,48127,-0.15814,-0.83986,-0.15973,0.78354,-0.76755
1485,48131,-0.04883,-0.35769,0.71914,0.26013,-0.53117
1486,48133,0.26907,-0.13365,0.39064,0.08444,-0.46702
1487,48135,-0.18088,-0.69885,-0.074,0.18364,0.25334
1488,48139,0.10017,-0.32104,0.31394,0.08264,-0.13478
1489,48141,-0.34539,-1.17929,0.08001,0.23628,0.50802
1490,48143,0.54964,0.35545,0.1862,-0.06011,-0.1792
1491,48145,-0.41778,-0.17512,0.00185,0.03265,-0.36085
1492,48147,-0.01456,-0.7483,-0.28193,0.87052,-0.47611
1493,48149,0.00361,-0.0892,0.11699,0.26574,-0.45088
1494,48157,-0.31958,-0.26388,0.20463,-0.23539,0.20178
1495,48161,-0.07137,-0.56606,0.52836,-0.03394,-1.01676
1496,48163,-0.37673,-0.98112,-0.04311,0.81015,-0.68615
1497,48167,-0.76972,-0.58864,0.16238,0.07834,0.10236
1498,48177,-0.49042,-0.42302,0.42328,0.47293,-0.59649
1499,48179,0.22162,-0.51345,0.12969,0.58067,-0.28554
1500,48181,0.07298,0.00172,-0.28878,0.45675,0.44479
1501,48183,-0.07862,0.28673,-0.19953,-0.3819,0.38467
1502,48185,-0.07028,-0.19118,0.35255,-0.07168,-0.72791
1503,48187,-0.50866,-1.01641,0.08882,0.68928,0.08906
1504,48189,0.73094,-0.22337,0.02623,-0.17241,-0.61947
1505,48199,-0.22409,-0.34242,0.06945,0.21283,-0.3206
1506,48201,-0.76792,-0.19245,0.30043,-0.4584,0.9104
1507,48203,0.01676,0.39012,0.08253,-0.65736,-0.14805
1508,48209,-0.02869,-0.59773,0.06119,0.32401,0.68664
1509,48213,-0.20922,-0.39436,-0.04664,0.0137,-0.17139
1510,48215,-0.23275,-1.35298,-0.5516,0.81852,0.48228
1511,48217,-0.19514,-0.62452,0.29783,0.66215,-0.45188
1512,48219,0.45555,0.27221,0.3586,-0.26376,-0.60211
1513,48221,0.24151,0.32674,0.19657,0.45841,-0.04798
1514,48223,-0.14157,-0.55968,0.1704,0.13778,-0.62719
1515,48225,0.06763,-0.43208,0.40279,0.21791,-0.82822
1516,48227,-0.1237,-0.47059,0.36082,0.43503,-0.19331
1517,48231,-0.11152,0.11686,-0.37342,-0.03647,0.32894
1518,48233,-0.26533,-1.14783,0.02349,0.50118,-0.33156
1519,48241,-0.39284,-0.158,0.62007,0.1933,-0.40966
1520,48245,-0.83124,-0.28575,0.43566,-0.10337,-0.04431
1521,48249,-0.88378,-2.21241,-0.21147,1.74711,0.63917
1522,48251,0.03922,-0.72462,-0.23761,0.86706,0.14545
1523,48257,-0.25327,-0.44543,0.2193,0.57073,-0.35588
1524,48259,0.75557,0.57385,0.42745,-0.28977,0.14097
1525,48265,0.54796,0.45979,0.17923,-0.34549,0.55214
1526,48273,-0.0154,-0.76279,-0.23112,0.65433,0.06281
1527,48277,-0.53524,-0.53579,-0.20745,0.12914,0.07268
1528,48291,-0.40583,-0.7035,0.4359,0.42622,0.12949
1529,48293,-0.14491,-0.53451,0.55077,-0.03405,-0.79348
1530,48303,0.18748,0.56759,-0.31519,-0.57717,0.85797
1531,48309,0.05293,0.38441,-0.34884,-0.53998,0.63246
1532,48321,-0.8363,-0.74677,-0.20782,0.88422,-0.32138
1533,48323,-0.04687,-0.80429,-0.45131,0.70653,-0.23442
1534,48325,-0.29856,-0.98878,-0.09734,1.18731,-0.30581
1535,48329,-0.00671,0.16258,-0.50158,0.07458,0.38401
1536,48331,-0.16682,-0.23265,0.44863,-0.07608,-0.89305
1537,48339,0.01287,-0.15862,-0.05954,0.19361,0.69125
1538,48347,-0.13397,-0.03725,0.22905,-0.31518,0.42314
1539,48349,-0.46889,-0.20737,-0.04492,-0.07352,-0.59747
1540,48355,-0.1385,-0.67265,-0.28924,0.228,0.7081
1541,48361,-0.55379,-0.47872,-0.17064,0.44187,-0.0931
1542,48363,0.15647,-0.62055,-0.30944,0.89794,0.14012
1543,48365,-0.1774,-0.22353,0.39777,0.27976,-0.5591
1544,48367,-0.02543,-0.18112,0.19007,0.63035,0.23572
1545,48373,-0.16613,-0.78043,-0.40173,0.50787,-0.21515
1546,48375,0.48336,0.69113,-0.51959,-0.57601,0.89723
1547,48381,0.18389,-0.51357,-0.20305,0.28334,0.85507
1548,48391,-0.32074,-0.50161,0.36175,0.16653,-1.03274
1549,48395,-0.42821,-0.15152,0.46195,-0.02572,-0.72587
1550,48397,0.15018,-0.40326,0.07647,0.28886,0.19625
1551,48401,-0.43679,-0.43665,0.06878,0.30945,-0.39545
1552,48409,-0.20114,-1.2479,-0.24549,1.21163,-0.25558
1553,48423,-0.56597,-0.76577,0.1969,0.31683,0.23597
1554,48427,0.23209,-1.2577,-0.32201,0.5609,-0.32124
1555,48439,-0.11472,-0.0246,-0.06847,-0.35264,0.65665
1556,48441,0.50809,0.06464,-0.47114,-0.35103,0.657
1557,48451,-0.20141,-1.21023,-0.5909,1.01482,0.76371
1558,48453,0.15273,0.36013,-0.53724,-0.38567,1.98029
1559,48459,0.25083,-0.10552,-0.04986,-0.1182,0.53218
1560,48463,-0.10489,-0.99337,0.18385,0.63385,0.02777
1561,48465,-0.11337,-1.66942,-0.50416,0.94445,0.16326
1562,48467,0.12394,-0.43446,0.08756,0.46777,-0.08337
1563,48469,0.10298,-0.35641,-0.36936,-0.00998,0.35272
1564,48471,-0.0174,-0.05626,0.2403,-0.30154,0.30031
1565,48473,-0.26802,-0.24635,0.53892,0.12107,-0.31962
1566,48477,-0.16984,0.28142,0.34679,-0.55853,-0.34682
1567,48479,-0.18419,-0.78023,-0.4689,0.29165,0.87694
1568,48481,-0.64157,-0.77576,0.33646,0.27998,-0.62299
1569,48485,-0.14098,-0.21554,-0.32915,0.32403,0.25965
1570,48489,0.06945,-0.80897,0.3203,0.51278,-0.07058
1571,48491,0.10811,0.05976,-0.34419,-0.07361,0.29594
1572,48493,-0.34779,-1.32723,-0.12693,1.5735,-0.05727
1573,48497,0.45418,0.02964,-0.26049,0.46059,0.21452
1574,48499,0.06315,-0.11138,0.40568,0.01215,-0.05858
1575,48507,-0.16206,-0.85367,0.2944,0.63241,-0.42037
1576,49003,0.64776,-0.11104,-0.23813,0.38871,0.25176
1577,49005,0.95614,0.82455,-0.51269,-0.53406,1.10556
1578,49011,0.31866,-0.12023,-0.65593,0.17124,0.67283
1579,49021,0.63352,0.11746,-0.19162,0.34362,0.46932
1580,49035,0.06116,0.18829,-0.76561,-0.13671,1.73809
1581,49043,0.81669,1.44549,0.05096,-0.79882,1.21313
1582,49045,-0.07631,-0.54585,-0.3239,1.12774,0.36448
1583,49049,0.86849,0.89959,-1.07744,-0.60445,1.57512
1584,49053,0.61465,0.58232,-0.37027,-0.10547,1.09232
1585,49057,0.29758,-0.0191,-0.92743,0.06432,1.14886
1586,50001,0.83468,1.09425,-0.54776,-0.42463,0.63049
1587,50003,0.61557,0.16695,-0.54128,0.64307,0.40641
1588,50007,0.42699,0.7312,-0.77458,-0.33847,1.71489
1589,50011,0.06361,0.24675,-0.23615,0.37857,-0.53061
1590,50015,0.88837,1.48798,0.10157,-0.44306,0.41611
1591,50021,0.32766,0.82375,-0.53631,-0.12039,0.12884
1592,50023,0.79664,1.21068,-0.49651,-0.6397,0.74469
1593,50025,0.34867,0.87632,-0.57848,0.07055,1.1256
1594,50027,0.76289,1.00916,-0.79563,-0.00824,0.96463
1595,51001,-0.24418,-0.23993,0.19549,0.03561,-0.16378
1596,51003,0.3612,0.77342,0.33375,-1.00968,0.51751
1597,51009,-0.15206,-0.08813,-0.0579,0.37116,-0.17404
1598,51013,0.11145,0.86169,-0.73264,-0.51967,1.42097
1599,51015,0.17956,-0.10284,0.15204,0.46391,-0.30652
1600,51019,0.63485,0.9391,-0.02952,-0.25797,-0.0388
1601,51031,-0.22407,-0.48597,0.16394,0.73231,-0.12929
1602,51041,-0.41066,-0.24873,0.333,0.05782,-0.02804
1603,51047,-0.33588,-0.44562,0.12465,0.39471,0.11666
1604,51057,-0.30511,-0.43398,0.79333,0.10419,-0.41897
1605,51059,-0.12981,0.26073,-0.42555,-0.47187,0.86509
1606,51061,0.00784,0.30291,-0.39409,0.20255,0.48784
1607,51067,0.61422,0.2577,0.28632,0.01942,-0.25983
1608,51069,0.5158,0.34759,-0.17944,-0.1426,-0.18837
1609,51083,-0.20537,-0.03662,0.2355,0.10397,-0.19346
1610,51085,0.12168,0.46143,-0.00013,-0.17341,0.053
1611,51087,-0.49067,-0.04517,0.20186,-0.27137,0.46587
1612,51089,0.15005,0.03621,0.50043,-0.14681,-0.65192
1613,51093,-0.19439,-0.45057,0.23755,0.11746,-0.27611
1614,51107,0.19569,0.46356,-0.50912,-0.30873,0.67467
1615,51109,-0.25205,-0.32191,0.23124,0.10343,-0.46427
1616,51117,-0.1912,-0.2226,0.23972,0.00275,-0.48987
1617,51121,0.46505,0.38674,-0.51184,-0.50446,1.13864
1618,51137,-0.34014,-0.24584,0.44506,-0.00374,-0.06253
1619,51139,0.09828,-0.16222,0.12677,0.11383,-0.52058
1620,51143,0.11094,-0.27637,-0.01881,-0.0187,-0.60452
1621,51147,0.75854,0.88459,-0.18821,-0.42873,0.63107
1622,51149,-0.56806,-0.50512,0.31565,0.12073,-0.40688
1623,51153,-0.54258,-0.62917,-0.10206,-0.03989,0.63251
1624,51155,0.22459,0.17707,-0.19714,-0.03958,-0.3581
1625,51157,0.13652,0.62178,-0.00308,-0.18068,0.7651
1626,51161,0.15718,0.3181,0.16506,0.08973,-0.87968
1627,51165,0.30447,-0.12772,-0.00078,0.44339,-0.24143
1628,51171,0.01398,0.34246,-0.62612,0.3483,-0.27281
1629,51173,-0.00817,-0.41117,-0.23478,0.89869,-0.79266
1630,51179,-0.08365,-0.12649,0.15605,-0.58289,0.61568
1631,51185,0.33032,0.09906,-0.21965,0.69791,-0.14129
1632,51187,0.13765,0.36502,-0.23122,0.13372,0.75401
1633,51191,0.72173,1.04612,-0.30267,-0.34184,0.18392
1634,51195,0.24624,0.07011,-0.42687,0.59783,0.32856
1635,51197,0.21812,-0.07161,0.69926,0.17136,-0.5191
1636,51199,-0.02535,-0.29647,0.1369,0.09612,0.37454
1637,51510,-0.15322,0.69204,-0.61589,-0.57409,1.37399
1638,51515,-0.00032,0.06656,-0.04019,0.20827,-0.24217
1639,51520,0.72123,0.78146,-0.53294,-0.11006,0.4074
1640,51540,0.34879,0.96986,-0.85933,-0.67476,1.60939
1641,51550,-0.41009,-0.02033,0.1642,-0.61954,0.6814
1642,51570,-0.30633,-0.0759,0.57582,0.02234,-0.22853
1643,51590,-0.49983,-0.21835,0.20223,-0.07442,0.06286
1644,51600,0.35133,0.55081,-0.80783,-0.45213,1.29074
1645,51610,0.05063,0.45818,-0.44908,-0.32463,1.16103
1646,51630,0.15934,0.18695,-0.45061,-0.16594,1.19652
1647,51640,0.55451,-0.25682,-0.07602,0.29462,-1.097
1648,51650,-0.53696,-0.09311,0.61861,-0.18245,0.31682
1649,51660,0.49168,0.115,-0.2167,-0.23127,0.8033
1650,51670,-0.48765,-0.83408,0.42379,0.10418,-0.78211
1651,51678,0.44346,0.30607,-0.05246,-0.47732,0.45969
1652,51680,1.12787,1.01095,-0.23358,-0.9755,0.85486
1653,51683,-0.82911,-0.68455,-0.23104,0.20056,0.20889
1654,51685,-0.30024,-0.42941,0.11947,-0.13136,-0.38131
1655,51690,-0.22838,0.01547,0.26347,-0.03676,-0.61318
1656,51700,-0.43579,-0.03115,0.36256,-0.64457,0.3774
1657,51710,-0.76328,0.12084,0.23608,-0.67206,0.607
1658,51730,-0.5247,-0.07002,0.8963,-0.1438,-0.33981
1659,51735,-0.0954,-0.44769,0.48622,0.34222,-0.7604
1660,51740,-0.77919,-0.11974,0.40242,-0.2339,0.26373
1661,51750,-0.1256,-0.39444,0.25149,0.30199,0.14348
1662,51760,-0.27771,0.68227,-0.02966,-0.86428,1.32987
1663,51770,0.10975,0.8733,-0.32603,-0.43299,0.86072
1664,51775,0.37463,0.46448,-0.09088,-0.15108,0.16826
1665,51790,-0.24495,0.1825,-0.7809,0.41387,0.81435
1666,51800,-0.43483,-0.21771,0.25445,-0.15561,0.15745
1667,51810,-0.15136,0.37059,0.07521,-0.53244,1.30319
1668,51820,-0.0419,-0.08075,0.2099,0.12694,0.2017
1669,51830,0.0516,0.23558,-0.29004,-0.06238,1.01474
1670,51840,0.12782,0.14655,-0.17772,-0.0557,1.0145
1671,53001,-0.08389,-1.37658,-0.15692,0.56839,-0.57562
1672,53005,0.20585,-0.41359,-0.64089,0.00212,0.85795
1673,53007,0.50799,-0.06792,-0.36639,-0.1715,0.49419
1674,53009,0.59087,-1.02214,-0.81256,1.48221,0.85065
1675,53011,0.12879,-0.47824,-0.84412,0.40674,1.24774
1676,53015,0.11143,-0.92733,-0.65369,0.5812,0.11853
1677,53017,0.14508,-0.86002,-0.30674,0.70804,-0.25383
1678,53021,-0.19287,-1.22983,-0.37601,0.47287,-0.42375
1679,53025,0.33308,-0.4256,-0.46628,0.65267,0.1409
1680,53027,-0.407,-0.87554,-0.84962,1.1813,0.56341
1681,53029,0.434,0.01605,-0.31638,0.43316,1.08376
1682,53031,0.71876,0.78237,-0.78565,-0.08276,1.07963
1683,53033,0.2502,0.43098,-0.75678,-0.33119,2.18122
1684,53035,0.31648,0.05831,-0.79324,-0.013,1.32372
1685,53037,0.27091,-0.0806,-0.33291,-0.07867,0.74889
1686,53041,0.39524,-0.52396,-0.61559,0.58705,0.18781
1687,53045,0.20897,-0.64838,-0.34489,0.81894,-0.13904
1688,53047,0.67178,0.31584,-0.06142,-0.03081,0.3265
1689,53053,-0.08556,-0.61255,-0.26789,0.25949,0.6499
1690,53057,0.53892,0.84114,-0.73855,0.00909,1.09214
1691,53061,0.24358,-0.44416,-0.59731,0.26562,0.91974
1692,53063,0.54301,0.76014,-0.75102,-0.50346,1.74474
1693,53065,0.57485,0.34739,-0.25799,0.10929,0.08921
1694,53067,0.20625,-0.09767,-1.09576,0.20552,1.71062
1695,53071,0.65056,0.89738,-0.61433,-0.12543,1.2892
1696,53073,0.53124,0.5519,-1.05358,-0.27803,1.93674
1697,53075,0.34055,-0.06609,-0.15614,-0.13345,0.73287
1698,53077,-0.04028,-1.13612,-0.2976,0.74074,-0.12156
1699,54003,-0.31423,-0.33505,-0.21047,0.40037,0.12211
1700,54005,-0.25874,-0.49913,0.15942,0.80961,-0.70795
1701,54009,0.10179,0.32302,0.2926,0.34142,-0.73822
1702,54011,0.01805,-0.23217,-0.52539,0.54147,1.00937
1703,54019,0.27171,-0.47237,-0.26866,0.65248,0.01217
1704,54025,0.45284,0.10015,0.31545,0.23094,-0.59227
1705,54029,-0.34759,-0.40918,-0.04973,0.66543,-0.43625
1706,54033,-0.22042,-0.28028,0.04356,0.2396,0.09415
1707,54035,-0.26894,-0.93596,-0.51989,1.26712,-0.1978
1708,54037,-0.16274,0.18333,-0.26551,0.42359,0.95002
1709,54039,-0.25227,0.34951,-0.46427,0.43351,0.72235
1710,54045,-0.26362,-1.05886,-0.55385,1.55577,0.26555
1711,54049,-0.04269,-0.54334,0.2889,0.44483,-0.05157
1712,54051,-0.29902,-0.45663,-0.00388,0.15162,-0.78591
1713,54053,0.21057,-0.61401,-0.45316,0.62312,-0.90732
1714,54055,-0.134,-0.2187,-0.2634,0.49209,0.13328
1715,54057,-0.40358,-0.61521,-0.44226,0.61315,-0.15026
1716,54059,-0.10621,-0.05703,-0.00855,0.28083,-0.4329
1717,54061,-0.09095,-0.17153,-0.0796,0.03066,0.64918
1718,54067,0.12595,-0.39587,0.29359,0.54493,-0.6253
1719,54069,-0.16249,0.0607,-0.22273,0.45724,0.13153
1720,54079,-0.19515,-0.39874,-0.11341,1.10244,-0.29753
1721,54081,-0.41353,-0.54448,-0.36667,1.1467,0.38035
1722,54083,0.09154,-0.71855,-0.3016,0.67276,-0.09129
1723,54097,0.25692,-0.14893,-0.01958,0.47608,0.03222
1724,54099,0.17527,-0.08995,-0.16884,0.73273,-0.5217
1725,54107,-0.45314,-0.61625,-0.37892,1.11831,0.16019
1726,54109,0.06603,-0.77397,-0.37611,0.78125,0.19092
1727,55005,0.41192,0.2245,0.07396,0.4814,0.10629
1728,55009,0.401,0.64882,-0.3637,-0.23236,0.51546
1729,55017,0.64161,0.54578,-0.4327,0.20769,-0.02573
1730,55021,0.32599,0.33285,-0.00447,0.52053,-0.26151
1731,55025,0.13978,0.70827,-1.07849,-0.54263,1.71066
1732,55027,0.48991,0.12399,-0.41759,0.52335,-0.10922
1733,55029,1.14325,1.07005,0.53026,-1.11889,0.08116
1734,55031,0.41678,-0.24165,0.17408,-0.07439,-0.15008
1735,55035,0.53576,0.37409,-0.77347,-0.0873,0.8555
1736,55039,0.57282,0.19548,-0.54136,0.4261,0.03122
1737,55043,0.30975,-0.07598,-0.18334,0.19291,-0.11684
1738,55045,0.40452,0.25358,0.09686,0.39033,-0.2727
1739,55055,0.42152,0.72099,-0.66471,-0.27417,0.28716
1740,55059,-0.28978,-0.50171,-0.13733,0.41684,0.44138
1741,55063,0.46112,0.23722,-0.32736,-0.13999,0.32759
1742,55071,0.27463,-0.36598,-0.55431,0.86745,-0.05204
1743,55073,0.55844,1.07149,-0.9234,-0.22642,0.83578
1744,55075,0.05731,-0.39247,-0.32619,0.78152,-0.06872
1745,55079,-0.53432,0.21354,-0.08586,-0.53206,1.01932
1746,55081,-0.12353,-0.11691,-0.29723,0.51384,-0.59081
1747,55085,0.4727,0.99863,-0.27699,-0.50321,-0.17912
1748,55087,0.45437,0.89346,-0.6967,-0.26407,0.56548
1749,55089,0.52999,0.46221,-0.32354,-0.1462,0.26034
1750,55093,0.3379,0.45047,-0.23558,-0.11238,0.12372
1751,55095,0.39104,0.18495,-0.01687,0.54199,-0.09181
1752,55097,0.74332,0.30198,-0.49986,-0.09867,0.52581
1753,55101,-0.83693,-0.61261,-0.03806,0.40165,-0.07956
1754,55105,-0.00413,-0.16527,-0.75196,0.22024,0.28531
1755,55109,0.75175,0.89909,-0.44759,0.18551,-0.03849
1756,55111,0.60869,0.39912,-0.19774,0.45444,0.09291
1757,55115,0.23499,0.0984,-0.40925,0.78912,-0.22185
1758,55117,0.16721,0.13789,-0.50401,0.11672,0.21966
1759,55121,0.59877,-0.00885,0.17421,0.4176,-0.58829
1760,55127,0.34118,0.70469,-0.40209,-0.55176,0.50613
1761,55131,0.36732,0.28537,-0.23503,-0.00087,0.00808
1762,55133,0.40796,0.77213,-0.52998,-0.36041,0.41461
1763,55135,0.64259,0.71866,-0.15465,0.10739,-0.1199
1764,55139,0.6255,0.56663,-0.77724,-0.12641,0.55883
1765,55141,0.38402,0.73597,-0.75493,0.33311,0.02483
1766,56001,0.36744,0.6272,-0.40179,-0.66487,1.048
1767,56005,0.23304,-0.49348,-0.29325,0.65535,-0.11221
1768,56013,0.25048,0.62695,-0.25939,-0.05257,0.2203
1769,56021,0.21696,0.49414,-0.34128,-0.02586,0.74622
1770,56025,-0.19976,0.10565,-0.64509,0.31826,0.86807
1771,56029,0.76441,-1.36519,1.0563,0.94156,-0.28965
1772,56033,0.35351,0.58054,-0.12107,0.05896,0.283
1773,56037,0.26711,0.44028,-0.20226,0.54293,0.48838
1774,56039,0.85108,1.1014,-0.20487,-0.64416,0.52878
